title,issue_number,link,labels,Branded variable name,CF standard name,CMIP6 Differences,Cell measures,Cell methods,Comment,Dimensions,Frequency,Long name,Modeling realm,Positive,Processing notes,Units,Variable status,Expression HadGEM3-GC31,Expression HadGEM3-GC5,Expression UKESM1,Expression UKESM1-3,Model units
Variable atmos.day.tawbmax_tstat-h2m-hxy-u (day.wbgt2mmax),1842,https://github.com/UKNCSP/CDDS-CMIP7-mappings/issues/1842,day atmos,tawbmax_tstat-h2m-hxy-u,wet_bulb_globe_temperature,Not present,area: areacella,area: time: mean,"max 2m daily wet bulb globe temperature (WGBT): Wet Bulb Globe Temperature (WBGT) is a particularly effective indicator of heat stress for active populations such as outdoor workers and athletes. The calculation should be done with: WBGT = 0.567 \* T_C + 0.393 \* e/100 + 3.94, where T_C is temperature in degrees C, and e = huss \* p \* M_air / M_H2O, where ""huss=specific humidity in kg/kg"", M_H2O = 18.01528/1000 # kg/mol, M_air = 28.964/1000 # kg/mol for dry air and ""P = surface pressure in Pa""",longitude latitude time height2m,day,maximum 2m daily wet bulb globe temperature,atmos,,"The calculation should be done with: ; WBGT = 0.567 \* T_C + 0.393 \* e/100 + 3.94, ; where T_C is temperature in degrees C, ; and e = huss \* p \* M_air / M_H2O, ; where ""huss=specific humidity in kg/kg"", ; M_H2O = 18.01528/1000 # kg/mol, ; M_air = 28.964/1000 # kg/mol for dry air,; and ""P = surface pressure in Pa""",degC,New,,,,,
Variable atmos.day.tawb_tavg-h2m-hxy-u (day.wbgt2m),1841,https://github.com/UKNCSP/CDDS-CMIP7-mappings/issues/1841,day atmos,tawb_tavg-h2m-hxy-u,wet_bulb_globe_temperature,Not present,area: areacella,area: time: mean,"mean 2m daily wet bulb globe temperature (WBGT). Wet Bulb Globe Temperature (WBGT) is a particularly effective indicator of heat stress for active populations such as outdoor workers and athletes. The calculation should be done with: WBGT = 0.567 \* T_C + 0.393 \* e/100 + 3.94, where T_C is temperature in degrees C, and e = huss \* p \* M_air / M_H2O, where ""huss=specific humidity in kg/kg"", M_H2O = 18.01528/1000 # kg/mol, M_air = 28.964/1000 # kg/mol for dry air and ""P = surface pressure in Pa""",longitude latitude time height2m,day,mean 2m daily wet bulb globe temperature,atmos,,"The calculation should be done with: ; WBGT = 0.567 \* T_C + 0.393 \* e/100 + 3.94, ; where T_C is temperature in degrees C, ; and e = huss \* p \* M_air / M_H2O, ; where ""huss=specific humidity in kg/kg"", ; M_H2O = 18.01528/1000 # kg/mol, ; M_air = 28.964/1000 # kg/mol for dry air,; and ""P = surface pressure in Pa""",degC,New,,,,,
Variable atmos.day.rsut_tavg-u-hxy-u (day.rsut),1826,https://github.com/UKNCSP/CDDS-CMIP7-mappings/issues/1826,day atmos,rsut_tavg-u-hxy-u,toa_outgoing_shortwave_flux,Not present,area: areacella,area: time: mean,Outgoing shortwave radiation at the top of the atmosphere.,longitude latitude time,day,TOA Outgoing Shortwave Radiation,atmos,,,W m-2,New,,,,,
Variable atmos.day.rsdt_tavg-u-hxy-u (day.rsdt),1823,https://github.com/UKNCSP/CDDS-CMIP7-mappings/issues/1823,day atmos,rsdt_tavg-u-hxy-u,toa_incoming_shortwave_flux,Not present,area: areacella,area: time: mean,Shortwave radiation incident at the top of the atmosphere.,longitude latitude time,day,TOA Incident Shortwave Radiation,atmos,,,W m-2,New,,,,,
Variable atmos.day.rluscs_tavg-u-hxy-u (day.rluscs),1820,https://github.com/UKNCSP/CDDS-CMIP7-mappings/issues/1820,day atmos,rluscs_tavg-u-hxy-u,surface_upwelling_longwave_flux_assuming_clear_sky,Not present,area: areacella,area: time: mean,Surface Upwelling Clear-sky Longwave Radiation,longitude latitude time,day,Surface Upwelling Clear-Sky Longwave Radiation,atmos,up,,W m-2,New,,,,,
Variable atmos.day.noaahimax_tstat-h2m-hxy-u (day.noaahi2mmax),1812,https://github.com/UKNCSP/CDDS-CMIP7-mappings/issues/1812,day atmos,noaahimax_tstat-h2m-hxy-u,heat_index_of_air_temperature,Not present,area: areacella,area: time: mean,max 2m daily NOAA heat index,longitude latitude time height2m,day,max 2m daily NOAA heat index,atmos,,"NOAA heat index = -42.379 + 2.04901523T + 10.14333127R - 0.22475541TR - 6.83783 x 10-3T2 - 5.481717 x 10-2R2 + 1.22874 x 10-3T2R + 8.5282 x 10-4TR2 - 1.99 x 10-6T2R2; where T is 2 m temperature (degrees F), R is relative humidity (%).; The heat index is only defined when the ambient air temperature is at or above 299.817 K.",degC,New,,,,,
Variable atmos.day.noaahi_tavg-h2m-hxy-u (day.noaahi2m),1811,https://github.com/UKNCSP/CDDS-CMIP7-mappings/issues/1811,day atmos,noaahi_tavg-h2m-hxy-u,heat_index_of_air_temperature,Not present,area: areacella,area: time: mean,mean 2m daily NOAA heat index.,longitude latitude time height2m,day,mean 2m daily NOAA heat index,atmos,,"NOAA heat index = -42.379 + 2.04901523T + 10.14333127R - 0.22475541TR - 6.83783 x 10-3T2 - 5.481717 x 10-2R2 + 1.22874 x 10-3T2R + 8.5282 x 10-4TR2 - 1.99 x 10-6T2R2; where T is 2 m temperature (degrees F), R is relative humidity (%).; Heat index is only defined when the ambient air temperature is at or above 299.817 K.",degC,New,,,,,
Variable atmos.mon.utendogw_tavg-p39-hy-air (EmonZ.utendogw),1074,https://github.com/UKNCSP/CDDS-CMIP7-mappings/issues/1074,mon atmos,utendogw_tavg-p39-hy-air,tendency_of_eastward_wind_due_to_orographic_gravity_wave_drag,Not present,,longitude: time: mean where air,Zonal mean tendency of eastward wind induced by the parameterized orographic gravity wave drag,latitude plev39 time,mon,Eastward Acceleration Due to Orographic Gravity Wave Drag,atmos,,"This is the total tendency due to parameterized orographic gravity wave drag, which is the sum of all possible components of the parameterization (where applicable). We ask that in the Essential Model Documentation modelling centers specify the parameterization scheme used and the specific values of its tunable parameters used for the simulation, and a specification of the part of the gravity wave spectrum that is targeted by the parameterization (e.g., minimally, the effective resolution of the model).",m s-2,New,,,,,
Variable atmos.mon.wsgmax_tstat-h10m-hxy-u (Emon.wsgmax10m),1060,https://github.com/UKNCSP/CDDS-CMIP7-mappings/issues/1060,mon atmos,wsgmax_tstat-h10m-hxy-u,wind_speed_of_gust,Not present,area: areacella,area: mean time: maximum,"Maximum Wind Speed of Gust at 10m, monthly",longitude latitude time height10m,mon,Maximum Wind Speed of Gust at 10m,atmos,,"Maximum instantaneous gust over grid cell, recorded monthly. Input data at the highest available frequency, ideally model timesteps, should be used to compute the maximum. Modellers are requested to leave in a comment in the netcdf metadata stating the frequency of the input data.",m s-1,New,,,,,
Variable atmos.mon.wsgmax_tstat-h100m-hxy-u (Emon.wsgmax100m),1059,https://github.com/UKNCSP/CDDS-CMIP7-mappings/issues/1059,mon atmos,wsgmax_tstat-h100m-hxy-u,wind_speed_of_gust,Not present,area: areacella,area: mean time: maximum,"Maximum Wind Speed of Gust at 100m, monthly",longitude latitude time height100m,mon,Maximum Wind Speed of Gust at 100m,atmos,,"Maximum instantaneous gust over grid cell, recorded monthly. Input data at the highest available frequency, ideally model timesteps, should be used to compute the maximum. Modellers are requested to leave in a comment in the netcdf metadata stating the frequency of the input data.",m s-1,New,,,,,
Variable atmos.mon.tauvogw_tavg-p19-hxy-air (Emon.tauvogw),1027,https://github.com/UKNCSP/CDDS-CMIP7-mappings/issues/1027,mon atmos,tauvogw_tavg-p19-hxy-air,upward_northward_momentum_flux_in_air_due_to_orographic_gravity_waves,Not present,area: areacella,area: time: mean where air,Vertical flux of meridional momentum within the orographic gravity wave parameterization,longitude latitude plev19 time,mon,Northward Reynolds stress from orographic gravity wave parameterization,atmos,,,Pa,New,,,,,
Variable atmos.mon.tauvnogw_tavg-p19-hxy-air (Emon.tauvnogw),1026,https://github.com/UKNCSP/CDDS-CMIP7-mappings/issues/1026,mon atmos,tauvnogw_tavg-p19-hxy-air,upward_northward_momentum_flux_in_air_due_to_nonorographic_gravity_waves,Not present,area: areacella,area: time: mean where air,Vertical flux of meridional momentum within the non-orographic gravity wave parameterization.,longitude latitude plev19 time,mon,Northward Reynolds stress from non-orographic gravity wave parameterization,atmos,,,Pa,New,,,,,
Variable atmos.mon.tauuogw_tavg-p19-hxy-air (Emon.tauuogw),1025,https://github.com/UKNCSP/CDDS-CMIP7-mappings/issues/1025,mon atmos,tauuogw_tavg-p19-hxy-air,upward_eastward_momentum_flux_in_air_due_to_orographic_gravity_waves,Not present,area: areacella,area: time: mean where air,The vertical flux of zonal momentum within the orographic gravity wave parameterization.,longitude latitude plev19 time,mon,Eastward Reynolds stress from orographic gravity wave parameterization,atmos,,,Pa,New,,,,,
Variable atmos.mon.tauunowgw_tavg-p19-hxy-air (Emon.tauunowgw),1024,https://github.com/UKNCSP/CDDS-CMIP7-mappings/issues/1024,mon atmos,tauunowgw_tavg-p19-hxy-air,upward_eastward_momentum_flux_in_air_due_to_nonorographic_westward_gravity_waves,Not present,area: areacella,area: time: mean where air,Vertical flux of zonal momentum within the non-orographic gravity wave parameterization associated with the westward propagating modes.,longitude latitude plev19 time,mon,Eastward Reynolds stress from non-orographic westward gravity wave parameterization,atmos,,,Pa,New,,,,,
Variable atmos.mon.tauunoegw_tavg-p19-hxy-air (Emon.tauunoegw),1023,https://github.com/UKNCSP/CDDS-CMIP7-mappings/issues/1023,mon atmos,tauunoegw_tavg-p19-hxy-air,upward_eastward_momentum_flux_in_air_due_to_nonorographic_eastward_gravity_waves,Not present,area: areacella,area: time: mean where air,Vertical flux of zonal momentum within the non-orographic gravity wave parameterization associated with the eastward propagating modes.,longitude latitude plev19 time,mon,Eastward Reynolds stress from non-orographic eastward gravity wave parameterization,atmos,,,Pa,New,,,,,
Variable atmos.mon.albsrfc_tavg-u-hxy-sn (Emon.albsrfc),835,https://github.com/UKNCSP/CDDS-CMIP7-mappings/issues/835,mon atmos,albsrfc_tavg-u-hxy-sn,surface_albedo,Not present,area: areacella area: areacello,area: time: mean,"surface albedo at grid cell level (i.e. the albedo averaged over all potential subgrid-scale structures) over all wave-bands; this shall apply to all realms (land, ocean, sea ice, land ice)",longitude latitude time,mon,Monthly Albedo of the Surface,atmos,,"There is a variable AERmon.albsrfc, but I am not sure whether the definition applies to the description above; furthermore, the variable would also be of relevance outside of the AER focus, hence we may consider whether it should go into another category as well (I had Emon in mind.); Whether this variable should be provided at atmosphere/land or ocean grid, and the respective grid cell metrics, must be discussed.",1,New,,,,,
Variable atmos.day.tntrs_tavg-p39-hy-air (EdayZ.tntrs),821,https://github.com/UKNCSP/CDDS-CMIP7-mappings/issues/821,day atmos,tntrs_tavg-p39-hy-air,tendency_of_air_temperature_due_to_shortwave_heating,Not present,,longitude: time: mean where air,"Zonal mean tendency of air temperature due to shortwave heating, all sky, with the extended number of vertical levels.",latitude plev39 time,day,"Zonal mean tendency of air temperature due to shortwave heating, all sky",atmos,,,K s-1,New,,,,,
Variable atmos.day.tntrl_tavg-p39-hy-air (EdayZ.tntrl),820,https://github.com/UKNCSP/CDDS-CMIP7-mappings/issues/820,day atmos,tntrl_tavg-p39-hy-air,tendency_of_air_temperature_due_to_longwave_heating,Not present,,longitude: time: mean where air,"Zonal mean tendency of air temperature due to longwave heating, all sky, with the extended number of vertical levels.",latitude plev39 time,day,"Zonal mean tendency of air temperature due to longwave heating, all sky",atmos,,,K s-1,New,,,,,
Variable atmos.day.tntmp_tavg-p39-hy-air (EdayZ.tntmp),819,https://github.com/UKNCSP/CDDS-CMIP7-mappings/issues/819,day atmos,tntmp_tavg-p39-hy-air,tendency_of_air_temperature_due_to_model_physics,Not present,,longitude: time: mean where air,"Zonal mean tendency of air temperature due to model physics, with the extended number of vertical levels",latitude plev39 time,day,Zonal mean tendency of air temperature due to model physics,atmos,,"This is the total temperature tendency due to parameterized physics, which is the sum of contributes from all relevant parameterizations. We ask that in the Essential Model Documentation modelling centers specify the parameterized process contributing to this tendency, and (where applicable) specific values of their tunable parameters used for the simulation.",K s-1,New,,,,,
Variable atmos.day.tauvogw_tavg-p39-hy-air (EdayZ.tauvogw),818,https://github.com/UKNCSP/CDDS-CMIP7-mappings/issues/818,day atmos,tauvogw_tavg-p39-hy-air,upward_northward_momentum_flux_in_air_due_to_orographic_gravity_waves,Not present,,longitude: time: mean where air,Zonal mean vertical flux of meridional momentum within the orographic gravity wave parameterization,latitude plev39 time,day,Zonal mean northward Reynolds stress from orographic gravity wave parameterization,atmos,,,Pa,New,,,,,
Variable atmos.day.tauvnogw_tavg-p39-hy-air (EdayZ.tauvnogw),817,https://github.com/UKNCSP/CDDS-CMIP7-mappings/issues/817,day atmos,tauvnogw_tavg-p39-hy-air,upward_northward_momentum_flux_in_air_due_to_nonorographic_gravity_waves,Not present,,longitude: time: mean where air,Zonal mean vertical wave flux of meridional momentum within the non-orographic gravity wave parameterization,latitude plev39 time,day,Zonal mean northward Reynolds stress from non-orographic gravity wave parameterization,atmos,,,Pa,New,,,,,
Variable atmos.day.tauuogw_tavg-p39-hy-air (EdayZ.tauuogw),816,https://github.com/UKNCSP/CDDS-CMIP7-mappings/issues/816,day atmos,tauuogw_tavg-p39-hy-air,upward_eastward_momentum_flux_in_air_due_to_orographic_gravity_waves,Not present,,longitude: time: mean where air,Zonal mean of the vertical flux of zonal momentum within the orographic gravity wave parameterization,latitude plev39 time,day,Zonal mean eastward Reynolds stress from orographic gravity wave parameterization,atmos,,,Pa,New,,,,,
Variable atmos.day.tauunowgw_tavg-p39-hy-air (EdayZ.tauunowgw),815,https://github.com/UKNCSP/CDDS-CMIP7-mappings/issues/815,day atmos,tauunowgw_tavg-p39-hy-air,upward_eastward_momentum_flux_in_air_due_to_nonorographic_westward_gravity_waves,Not present,,longitude: time: mean where air,Zonal mean vertical wave flux of zonal momentum within the non-orographic gravity wave parameterization associated with the westward propagating modes.,latitude plev39 time,day,Zonal mean eastward Reynolds stress from non-orographic westward gravity wave parameterization,atmos,,,Pa,New,,,,,
Variable atmos.day.tauunoegw_tavg-p39-hy-air (EdayZ.tauunoegw),814,https://github.com/UKNCSP/CDDS-CMIP7-mappings/issues/814,day atmos,tauunoegw_tavg-p39-hy-air,upward_eastward_momentum_flux_in_air_due_to_nonorographic_eastward_gravity_waves,Not present,,longitude: time: mean where air,Zonal mean vertical wave flux of zonal momentum within the non-orographic gravity wave parameterization associated with the eastward propagating modes.,latitude plev39 time,day,Zonal mean eastward Reynolds stress from non-orographic eastward gravity wave parameterization,atmos,,,Pa,New,,,,,
Variable atmos.day.vtendogw_tavg-p19-hxy-air (Eday.vtendogw),806,https://github.com/UKNCSP/CDDS-CMIP7-mappings/issues/806,day atmos,vtendogw_tavg-p19-hxy-air,tendency_of_northward_wind_due_to_orographic_gravity_wave_drag,Not present,area: areacella,area: time: mean where air,Tendency of northward wind induced by the parameterized orographic gravity wave drag,longitude latitude plev19 time,day,Tendency of northward wind due to orographic gravity waves,atmos,,"This is the total tendency due to parameterized orographic gravity wave drag, which is the sum of all possible components of the parameterization (where applicable). We ask that in the Essential Model Documentation modelling centers specify the parameterization scheme used and the specific values of its tunable parameters used for the simulation, and a specification of the part of the gravity wave spectrum that is targeted by the parameterization (e.g., minimally, the effective resolution of the model).",m s-2,New,,,,,
Variable atmos.day.vtendnogw_tavg-p19-hxy-air (Eday.vtendnogw),805,https://github.com/UKNCSP/CDDS-CMIP7-mappings/issues/805,day atmos,vtendnogw_tavg-p19-hxy-air,tendency_of_northward_wind_due_to_nonorographic_gravity_wave_drag,Not present,area: areacella,area: time: mean where air,Tendency of northward wind induced by the parameterized non-orographic gravity wave drag,longitude latitude plev19 time,day,Tendency of northward wind due to non-orographic gravity waves,atmos,,"This is the total tendency due to parameterized non-orographic gravity wave drag, which is the sum of all possible components of the parameterization (where applicable). We ask that in the Essential Model Documentation modelling centers specify the parameterization scheme used and the specific values of its tunable parameters used for the simulation, and a specification of the part of the gravity wave spectrum that is targeted by the parameterization (e.g., minimally, the effective resolution of the model).",m s-2,New,,,,,
Variable atmos.day.utendogw_tavg-p19-hxy-air (Eday.utendogw),803,https://github.com/UKNCSP/CDDS-CMIP7-mappings/issues/803,day atmos,utendogw_tavg-p19-hxy-air,tendency_of_eastward_wind_due_to_orographic_gravity_wave_drag,Not present,area: areacella,area: time: mean where air,Tendency of eastward wind induced by the parameterized orographic gravity wave drag,longitude latitude plev19 time,day,Tendency of eastward wind due to orographic gravity waves,atmos,,"This is the total tendency due to parameterized orographic gravity wave drag, which is the sum of all possible components of the parameterization (where applicable). We ask that in the Essential Model Documentation modelling centers specify the parameterization scheme used and the specific values of its tunable parameters used for the simulation, and a specification of the part of the gravity wave spectrum that is targeted by the parameterization (e.g., minimally, the effective resolution of the model).",m s-2,New,,,,,
Variable atmos.day.utendnogw_tavg-p19-hxy-air (Eday.utendnogw),802,https://github.com/UKNCSP/CDDS-CMIP7-mappings/issues/802,day atmos,utendnogw_tavg-p19-hxy-air,tendency_of_eastward_wind_due_to_nonorographic_gravity_wave_drag,Not present,area: areacella,area: time: mean where air,Tendency of eastward wind induced by the parameterized non-orographic gravity wave drag,longitude latitude plev19 time,day,Tendency of eastward wind due to non-orographic gravity waves,atmos,,"This is the total tendency due to parameterized non-orographic gravity wave drag, which is the sum of all possible components of the parameterization (where applicable). We ask that in the Essential Model Documentation modelling centers specify the parameterization scheme used and the specific values of its tunable parameters used for the simulation, and a specification of the part of the gravity wave spectrum that is targeted by the parameterization (e.g., minimally, the effective resolution of the model).",m s-2,New,,,,,
Variable atmos.day.intvaw_tavg-u-hxy-u (Eday.intvaw),733,https://github.com/UKNCSP/CDDS-CMIP7-mappings/issues/733,day atmos,intvaw_tavg-u-hxy-u,northward_atmosphere_water_transport_across_unit_distance,Not present,area: areacella,area: time: mean,Vertically integrated northward moisture transport (Mass_weighted_vertical integral of the product of northward wind by total water mass per unit mass),longitude latitude time,day,Vertically Integrated Northward Moisture Transport,atmos,,,kg m-1 s-1,New,,,,,
Variable atmos.day.intvadse_tavg-u-hxy-u (Eday.intvadse),732,https://github.com/UKNCSP/CDDS-CMIP7-mappings/issues/732,day atmos,intvadse_tavg-u-hxy-u,northward_atmosphere_dry_static_energy_transport_across_unit_distance,Not present,area: areacella,area: time: mean,Vertically integrated northward dry static energy transport (cp.T +zg).v (Mass_weighted_vertical integral of the product of northward wind by dry static_energy per mass unit),longitude latitude time,day,Vertically Integrated Northward Dry Static Energy Transport,atmos,,,MJ m-1 s-1,New,,,,,
Variable atmos.day.intuaw_tavg-u-hxy-u (Eday.intuaw),731,https://github.com/UKNCSP/CDDS-CMIP7-mappings/issues/731,day atmos,intuaw_tavg-u-hxy-u,eastward_atmosphere_water_transport_across_unit_distance,Not present,area: areacella,area: time: mean,Vertically integrated eastward moisture transport (Mass weighted vertical integral of the product of eastward wind by total water mass per unit mass),longitude latitude time,day,Vertically Integrated Eastward Moisture Transport,atmos,,,kg m-1 s-1,New,,,,,
Variable atmos.day.intuadse_tavg-u-hxy-u (Eday.intuadse),730,https://github.com/UKNCSP/CDDS-CMIP7-mappings/issues/730,day atmos,intuadse_tavg-u-hxy-u,eastward_atmosphere_dry_static_energy_transport_across_unit_distance,Not present,area: areacella,area: time: mean,Vertically integrated eastward dry static energy transport (cp.T +zg).v (Mass_weighted_vertical integral of the product of eastward wind by dry static_energy per mass unit),longitude latitude time,day,Vertically Integrated Eastward Dry Static Energy Transport,atmos,,,MJ m-1 s-1,New,,,,,
Variable atmos.3hr.wap_tpt-u-hxy-air (E3hrPt.wap6),706,https://github.com/UKNCSP/CDDS-CMIP7-mappings/issues/706,3hr atmos,wap_tpt-u-hxy-air,lagrangian_tendency_of_air_pressure,Not present,area: areacella,area: mean where air time: point,Omega (=dp/dt) on 6 pressure levels in the lower troposphere,longitude latitude plev6 time1,3hr,Omega (=dp/dt),atmos,,950 hPa to 700 hPa with an interval of 50h Pa for vertical layers (6 vertical layers),Pa s-1,New,,,,,
Variable atmos.3hr.va_tpt-u-hxy-air (E3hrPt.va6),705,https://github.com/UKNCSP/CDDS-CMIP7-mappings/issues/705,3hr atmos,va_tpt-u-hxy-air,northward_wind,Not present,area: areacella,area: mean where air time: point,Meridional wind (positive in a northward direction) on 6 pressure levels in the lower troposphere,longitude latitude plev6 time1,3hr,Northward Wind,atmos,,950 hPa to 700 hPa with an interval of 50h Pa for vertical layers (6 vertical layers),m s-1,New,,,,,
Variable atmos.3hr.ua_tpt-u-hxy-air (E3hrPt.ua6),704,https://github.com/UKNCSP/CDDS-CMIP7-mappings/issues/704,3hr atmos,ua_tpt-u-hxy-air,eastward_wind,Not present,area: areacella,area: mean where air time: point,Zonal wind (positive in a eastward direction) on 6 pressure levels in the lower troposphere,longitude latitude plev6 time1,3hr,Eastward wind,atmos,,950 hPa to 700 hPa with an interval of 50h Pa for vertical layers (6 vertical layers),m s-1,New,,,,,
Variable atmos.3hr.ta6_tpt-u-hxy-air (E3hrPt.ta6),703,https://github.com/UKNCSP/CDDS-CMIP7-mappings/issues/703,3hr atmos,ta6_tpt-u-hxy-air,air_temperature,Not present,area: areacella,area: mean where air time: point,Air temperature on 6 pressure levels in the lower troposphere,longitude latitude plev6 time1,3hr,Air temperature,atmos,,950 hPa to 700 hPa with an interval of 50h Pa for vertical layers (6 vertical layers),K,New,,,,,
Variable atmos.3hr.hus_tpt-u-hxy-air (E3hrPt.hus6),693,https://github.com/UKNCSP/CDDS-CMIP7-mappings/issues/693,3hr atmos,hus_tpt-u-hxy-air,specific_humidity,Not present,area: areacella,area: mean where air time: point,Specific humidity on 6 pressure levels in the lower troposphere,longitude latitude plev6 time1,3hr,Specific humidity,atmos,,950 hPa to 700 hPa with an interval of 50h Pa for vertical layers (6 vertical layers),1,New,,,,,
Variable atmos.1hr.wsgmax_tstat-h10m-hxy-u (E1hr.wsgmax10m),676,https://github.com/UKNCSP/CDDS-CMIP7-mappings/issues/676,1hr atmos,wsgmax_tstat-h10m-hxy-u,wind_speed_of_gust,Not present,area: areacella,area: mean time: maximum,Wind speed gust maximum at 10m above surface,longitude latitude time height10m,1hr,Maximum Speed of Wind Gust at 10m,atmos,,Time maximum required,m s-1,New,,,,,
Variable atmos.1hr.wsgmax_tstat-h100m-hxy-u (E1hr.wsgmax100m),675,https://github.com/UKNCSP/CDDS-CMIP7-mappings/issues/675,1hr atmos,wsgmax_tstat-h100m-hxy-u,wind_speed_of_gust,Not present,area: areacella,area: mean time: maximum,Wind speed gust maximum at 100m above surface,longitude latitude time height100m,1hr,Maximum Wind Speed of Gust at 100m,atmos,,Wind speed gust maximum at 100m above surface - hourly output,m s-1,New,,,,,
Variable atmos.1hr.vas_tpt-h10m-hxy-u (E1hr.vas),674,https://github.com/UKNCSP/CDDS-CMIP7-mappings/issues/674,1hr atmos,vas_tpt-h10m-hxy-u,northward_wind,Not present,area: areacella,area: mean time: point,Meridional wind (positive in a northward direction) at 10 meters above the surface.,longitude latitude time1 height10m,1hr,Surface wind speed Northward Component,atmos,up,,m s-1,New,,,,,
Variable atmos.1hr.va_tpt-h100m-hxy-u (E1hr.va100m),673,https://github.com/UKNCSP/CDDS-CMIP7-mappings/issues/673,1hr atmos,va_tpt-h100m-hxy-u,northward_wind,Not present,area: areacella,area: mean time: point,Meridional wind (positive in a northward direction) at 100m above the surface.,longitude latitude time1 height100m,1hr,Northward Wind at 100m,atmos,,Instantaneous values,m s-1,New,,,,,
Variable atmos.1hr.uas_tpt-h10m-hxy-u (E1hr.uas),672,https://github.com/UKNCSP/CDDS-CMIP7-mappings/issues/672,1hr atmos,uas_tpt-h10m-hxy-u,eastward_wind,Not present,area: areacella,area: mean time: point,Zonal wind (positive in a eastward direction) at 10 meters above the surface.,longitude latitude time1 height10m,1hr,Surface wind speed Eastward Components,atmos,up,,m s-1,New,,,,,
Variable atmos.1hr.ua_tpt-h100m-hxy-u (E1hr.ua100m),671,https://github.com/UKNCSP/CDDS-CMIP7-mappings/issues/671,1hr atmos,ua_tpt-h100m-hxy-u,eastward_wind,Not present,area: areacella,area: mean time: point,Zonal wind (positive in a eastward direction) at 100m above the surface,longitude latitude time1 height100m,1hr,Eastward Wind at 100m,atmos,,Instantaneous values,m s-1,New,,,,,
Variable atmos.1hr.ts_tavg-u-hxy-u (E1hr.ts),670,https://github.com/UKNCSP/CDDS-CMIP7-mappings/issues/670,1hr atmos,ts_tavg-u-hxy-u,surface_temperature,Not present,area: areacella,area: time: mean,Surface temperature (skin for open ocean),longitude latitude time,1hr,Surface Temperature,atmos,,,K,New,,,,,
Variable atmos.1hr.sfcWind_tavg-h10m-hxy-u (E1hr.sfcWind),668,https://github.com/UKNCSP/CDDS-CMIP7-mappings/issues/668,1hr atmos,sfcWind_tavg-h10m-hxy-u,wind_speed,Not present,area: areacella,area: time: mean,Hourly near-surface wind speed at 10m above the ground,longitude latitude time height10m,1hr,Hourly surface wind speed,atmos,,,m s-1,New,,,,,
Variable atmos.1hr.rsus_tavg-u-hxy-u (E1hr.rsus),667,https://github.com/UKNCSP/CDDS-CMIP7-mappings/issues/667,1hr atmos,rsus_tavg-u-hxy-u,surface_upwelling_shortwave_flux_in_air,Not present,area: areacella,area: time: mean,Surface upwelling shortwave radiation,longitude latitude time,1hr,Surface upwelling shortwave radiation,atmos,,,W m-2,New,,,,,
Variable atmos.1hr.rsdsdiff_tavg-u-hxy-u (E1hr.rsdsdiff),666,https://github.com/UKNCSP/CDDS-CMIP7-mappings/issues/666,1hr atmos,rsdsdiff_tavg-u-hxy-u,surface_diffuse_downwelling_shortwave_flux_in_air,Not present,area: areacella,area: time: mean,Surface Diffuse Downwelling Shortwave Radiation,longitude latitude time height2m,1hr,Surface Diffuse Downwelling Shortwave Radiation,atmos,down,This is a 3-hour mean flux.,W m-2,New,,,,,
Variable atmos.1hr.rsds_tavg-u-hxy-u (E1hr.rsds),665,https://github.com/UKNCSP/CDDS-CMIP7-mappings/issues/665,1hr atmos,rsds_tavg-u-hxy-u,surface_downwelling_shortwave_flux_in_air,Not present,area: areacella,area: time: mean,Hourly downward solar radiation flux at the surface,longitude latitude time,1hr,Hourly downward solar radiation flux at the surface,atmos,,,W m-2,New,,,,,
Variable atmos.1hr.rlus_tavg-u-hxy-u (E1hr.rlus),664,https://github.com/UKNCSP/CDDS-CMIP7-mappings/issues/664,1hr atmos,rlus_tavg-u-hxy-u,surface_upwelling_longwave_flux_in_air,Not present,area: areacella,area: time: mean,Hourly surface upwelling shortwave radiation,longitude latitude time,1hr,Surface upwelling shortwave radiation,atmos,,,W m-2,New,,,,,
Variable atmos.1hr.rlds_tavg-u-hxy-u (E1hr.rlds),663,https://github.com/UKNCSP/CDDS-CMIP7-mappings/issues/663,1hr atmos,rlds_tavg-u-hxy-u,surface_downwelling_longwave_flux_in_air,Not present,area: areacella,area: time: mean,Surface Downwelling Longwave Radiation,longitude latitude time,1hr,Surface Downwelling Longwave Radiation,atmos,down,This is the 3-hour mean flux.,W m-2,New,,,,,
Variable atmos.1hr.ps_tpt-u-hxy-u (E1hr.ps),661,https://github.com/UKNCSP/CDDS-CMIP7-mappings/issues/661,1hr atmos,ps_tpt-u-hxy-u,surface_air_pressure,Not present,area: areacella,area: mean time: point,Surface pressure.,longitude latitude time1,1hr,Surface Air Pressure,atmos,,"Instantaneous value (i.e. synoptic or time-step value), Global field (single level) [XY-na] [amn-tpt]",Pa,New,,,,,
Variable atmos.1hr.huss_tpt-h2m-hxy-u (E1hr.huss),659,https://github.com/UKNCSP/CDDS-CMIP7-mappings/issues/659,1hr atmos,huss_tpt-h2m-hxy-u,specific_humidity,Not present,area: areacella,area: mean time: point,Specific humidity at 2m.,longitude latitude time1 height2m,1hr,Near-Surface Specific Humidity,atmos,,This is sampled synoptically (instantaneous),1,New,,,,,
Variable atmos.1hr.hurs_tavg-h2m-hxy-u (E1hr.hurs),658,https://github.com/UKNCSP/CDDS-CMIP7-mappings/issues/658,1hr atmos,hurs_tavg-h2m-hxy-u,relative_humidity,Not present,area: areacella,area: time: mean,Relative humidity at 2m above the surface,longitude latitude time height2m,1hr,Hourly relative humidity at the surface,atmos,,,%,New,,,,,
Variable atmos.1hr.hfss_tavg-u-hxy-u (E1hr.hfss),657,https://github.com/UKNCSP/CDDS-CMIP7-mappings/issues/657,1hr atmos,hfss_tavg-u-hxy-u,surface_upward_sensible_heat_flux,Not present,area: areacella,area: time: mean,Hourly surface upward sensible heat flux,longitude latitude time,1hr,Surface upward sensible heat flux,atmos,,,W m-2,New,,,,,
Variable atmos.1hr.hfls_tavg-u-hxy-u (E1hr.hfls),656,https://github.com/UKNCSP/CDDS-CMIP7-mappings/issues/656,1hr atmos,hfls_tavg-u-hxy-u,surface_upward_latent_heat_flux,Not present,area: areacella,area: time: mean,Hourly surface upward latent heat flux,longitude latitude time,1hr,Surface upward latent heat flux,atmos,,,W m-2,New,,,,,
Variable atmos.1hr.clt_tavg-u-hxy-u (E1hr.clt),655,https://github.com/UKNCSP/CDDS-CMIP7-mappings/issues/655,1hr atmos,clt_tavg-u-hxy-u,cloud_area_fraction,Not present,area: areacella,area: time: mean,"Total cloud area fraction (reported as a percentage) for the whole atmospheric column, as seen from the surface or the top of the atmosphere. Includes both large-scale and convective cloud.",longitude latitude time,1hr,Total Cloud Cover Percentage,atmos,,,%,New,,,,,
Variable atmos.1hr.bldep_tavg-u-hxy-u (E1hr.bldep),654,https://github.com/UKNCSP/CDDS-CMIP7-mappings/issues/654,1hr atmos,bldep_tavg-u-hxy-u,atmosphere_boundary_layer_thickness,Not present,area: areacella,area: time: mean,Boundary Layer depth,longitude latitude time,1hr,Boundary layer depth,atmos,,,m,New,,,,,
Variable atmos.mon.clwvimodis_tavg-u-hxy-u (CFmon.clwvimodis),533,https://github.com/UKNCSP/CDDS-CMIP7-mappings/issues/533,mon atmos,clwvimodis_tavg-u-hxy-u,atmosphere_mass_content_of_cloud_condensed_water,Not present,area: areacella,area: time: mean,Mass of condensed (liquid + ice) water in the column divided by the area of the column (not just the area of the cloudy portion of the column) as seen by the MODIS instrument simulator.,longitude latitude time,mon,MODIS Condensed Water Path,atmos,,,kg m-2,New,,,,,
Variable atmos.mon.cltmodis_tavg-u-hxy-u (CFmon.cltmodis),530,https://github.com/UKNCSP/CDDS-CMIP7-mappings/issues/530,mon atmos,cltmodis_tavg-u-hxy-u,modis_cloud_area_fraction,Not present,area: areacella,area: time: mean,Percentage of total cloud cover as seen by the MODIS instrument simulator.,longitude latitude time,mon,MODIS Total Cloud Area Fraction,atmos,,Latitude x longitude x time. NOTE: Both of the entries in _Coordinates_ and _Extra Dimensions_ should be ignored as they were only included for form submission.,%,New,,,,,
Variable atmos.mon.clmodisliquidReff_tavg-u-hxy-u (CFmon.clmodisliquidReff),526,https://github.com/UKNCSP/CDDS-CMIP7-mappings/issues/526,mon atmos,clmodisliquidReff_tavg-u-hxy-u,modis_liquid_topped_cloud_area_fraction,Not present,area: areacella,area: time: mean,Percentage liquid-cloud cover as seen by the MODIS instrument simulator. Dimensions of LWP (cloud liquid water path) and r_eff (droplet effective radius).,longitude latitude effectRadLi tau time,mon,MODIS Liquid Topped Cloud Area Fraction,atmos,,7 LWP levels x 6 effective radius levels.,%,New,,,,,
Variable atmos.mon.clmodisliquid_tavg-p7c-hxy-air (CFmon.clmodisliquid),525,https://github.com/UKNCSP/CDDS-CMIP7-mappings/issues/525,mon atmos,clmodisliquid_tavg-p7c-hxy-air,modis_liquid_topped_cloud_area_fraction,Not present,area: areacella,area: time: mean,"Percentage liquid-cloud cover in optical depth categories, as seen by the MODIS instrument simulator. Dimensions of tau (optical depth) and cloud-top pressure are the same used by clisccp (ISCCP simulator).",longitude latitude plev7c tau time,mon,MODIS Liquid Topped Cloud Area Fraction,atmos,,7 pressure levels x 7 optical depth levels.,%,New,,,,,
Variable atmos.mon.clmodisiceReff_tavg-u-hxy-u (CFmon.clmodisiceReff),524,https://github.com/UKNCSP/CDDS-CMIP7-mappings/issues/524,mon atmos,clmodisiceReff_tavg-u-hxy-u,modis_ice_topped_cloud_area_fraction,Not present,area: areacella,area: time: mean,Percentage ice-cloud cover as seen by the MODIS instrument simulator. Dimensions of cloud IWP (cloud ice water path) and r_eff (effective droplet size).,longitude latitude effectRadIc tau time,mon,MODIS Ice Topped Cloud Area Fraction,atmos,,7 IWP levels x 6 effective radius levels.  Metric is further described in [Pincus 2023](https://essd.copernicus.org/articles/15/2483/2023/essd-15-2483-2023-discussion.html),%,New,,,,,
Variable atmos.mon.clmodisice_tavg-p7c-hxy-air (CFmon.clmodisice),523,https://github.com/UKNCSP/CDDS-CMIP7-mappings/issues/523,mon atmos,clmodisice_tavg-p7c-hxy-air,modis_ice_topped_cloud_area_fraction,Not present,area: areacella,area: time: mean where air,"Percentage ice-cloud cover in optical depth categories, as seen by the MODIS instrument simulator. Dimensions of tau (optical depth) and cloud-top pressure are the same as used by clisccp output from the ISCCP satellite simulator.",longitude latitude plev7c tau time,mon,MODIS Ice Topped Cloud Area Fraction,atmos,,7 pressure levels x 7 optical depth levels.,%,New,,,,,
Variable atmos.mon.clmodis_tavg-p7c-hxy-air (CFmon.clmodis),522,https://github.com/UKNCSP/CDDS-CMIP7-mappings/issues/522,mon atmos,clmodis_tavg-p7c-hxy-air,modis_cloud_area_fraction,Not present,area: areacella,area: time: mean where air,"Percentage of total cloud cover in optical depth categories, as seen by the MODIS instrument simulator. Dimensions of tau (optical depth) and cloud-top pressure are the same used by the ISCCP instrument simulator. This is the equivalent MODIS version of the ISCCP _clisccp _variable.",longitude latitude plev7c tau time,mon,MODIS Cloud Area Fraction,atmos,,7 pressure levels x 7 optical depth levels (x latitude x longitude x time).,%,New,,,,,
Variable atmos.mon.clivimodis_tavg-u-hxy-u (CFmon.clivimodis),519,https://github.com/UKNCSP/CDDS-CMIP7-mappings/issues/519,mon atmos,clivimodis_tavg-u-hxy-u,atmosphere_mass_content_of_cloud_ice,Not present,area: areacella,area: time: mean,Mass of ice water in the column divided by the area of the column (not just the area of the cloudy portion of the column) as seen by the MODIS instrument simulator.,longitude latitude time,mon,MODIS Ice Water Path,atmos,,,kg m-2,New,,,,,
Variable atmos.day.hur_tavg-700hPa-hxy-air (CFday.hur700),491,https://github.com/UKNCSP/CDDS-CMIP7-mappings/issues/491,day atmos,hur_tavg-700hPa-hxy-air,relative_humidity,Not present,area: areacella,area: time: mean,Relative humidity at 700 hPa,longitude latitude time p700,day,Relative humidity at 700 hPa,atmos,,,%,New,,,,,
Variable atmos.6hr.zg_tpt-u-hxy-u (6hrPlevPt.zg925),198,https://github.com/UKNCSP/CDDS-CMIP7-mappings/issues/198,6hr atmos,zg_tpt-u-hxy-u,geopotential_height,Not present,area: areacella,area: mean time: point,"Geopotential Height at 925 hPa, 6 hourly instantaneous",longitude latitude time1 p925,6hr,zg925,atmos,,,m,New,,,,,
Variable atmos.6hr.zg_tpt-700hPa-hxy-u (6hrPlevPt.zg700),196,https://github.com/UKNCSP/CDDS-CMIP7-mappings/issues/196,6hr atmos,zg_tpt-700hPa-hxy-u,geopotential_height,Not present,area: areacella,area: mean time: point,700 hPa geopotential height at 6 hourly instantaneous frequency,longitude latitude time1 p700,6hr,zg700,atmos,,,m,New,,,,,
Variable atmos.6hr.va_tpt-u-hxy-air (6hrPlevPt.vaUTLS),192,https://github.com/UKNCSP/CDDS-CMIP7-mappings/issues/192,6hr atmos,va_tpt-u-hxy-air,northward_wind,Not present,area: areacella,area: mean where air time: point,"6 hourly instantaneous eastward wind at 5 pressure levels in the UTLS region (150, 175, 200, 225, and 250 hPa)",longitude latitude plev5u time1,6hr,6 hourly instantaneous eastward wind in the UTLS region,atmos,,,m s-1,New,,,,,
Variable atmos.6hr.va_tpt-u-hxy-u (6hrPlevPt.va200),190,https://github.com/UKNCSP/CDDS-CMIP7-mappings/issues/190,6hr atmos,va_tpt-u-hxy-u,northward_wind,Not present,area: areacella,area: mean time: point,"Meridional wind (positive in a northward direction) at 200 hPa, 6 hourly instantaneous",longitude latitude time1 p200,6hr,va200,atmos,,,m s-1,New,,,,,
Variable atmos.6hr.ua_tpt-u-hxy-air (6hrPlevPt.uaUTLS),187,https://github.com/UKNCSP/CDDS-CMIP7-mappings/issues/187,6hr atmos,ua_tpt-u-hxy-air,eastward_wind,Not present,area: areacella,area: mean where air time: point,"6 hourly instantaneous northward wind at 5 pressure levels in the UTLS region (150, 175, 200, 225, and 250 hPa)",longitude latitude plev5u time1,6hr,6 hourly instantaneous northward wind in the UTLS region,atmos,,,m s-1,New,,,,,
Variable atmos.6hr.ua_tpt-u-hxy-u (6hrPlevPt.ua200),185,https://github.com/UKNCSP/CDDS-CMIP7-mappings/issues/185,6hr atmos,ua_tpt-u-hxy-u,eastward_wind,Not present,area: areacella,area: mean time: point,"Zonal wind (positive in a eastward direction) at 200 hPa, 6hourly instantaneous",longitude latitude time1 p200,6hr,ua200,atmos,,,m s-1,New,,,,,
Variable atmos.6hr.ta_tpt-u-hxy-u (6hrPlevPt.taUTLS),182,https://github.com/UKNCSP/CDDS-CMIP7-mappings/issues/182,6hr atmos,ta_tpt-u-hxy-u,air_temperature,Not present,area: areacella,time: point,"6 hourly instantaneous temperature at 5 pressure levels in the UTLS region (150, 175, 200, 225, and 250 hPa)",longitude latitude plev5u time1,6hr,6 hourly instantaneous temperature in the UTLS region,atmos,,,K,New,,,,,
Variable atmos.6hr.prw_tpt-u-hxy-u (6hrPlevPt.prw),177,https://github.com/UKNCSP/CDDS-CMIP7-mappings/issues/177,6hr atmos,prw_tpt-u-hxy-u,atmosphere_mass_content_of_water_vapor,Not present,area: areacella,time: point,Vertically integrated mass of water vapour,longitude latitude time1,6hr,6 hourly instantaneous vertically integrated water vapor,atmos,,I don't think table 6hrPlevPt is appropriate but I'm not sure which one is,kg m-2,New,,,,,
Variable atmos.6hr.pr_tpt-u-hxy-u (6hrPlevPt.pr),176,https://github.com/UKNCSP/CDDS-CMIP7-mappings/issues/176,6hr atmos,pr_tpt-u-hxy-u,precipitation_flux,Not present,area: areacella,area: mean time: point,Total precipitation rate at the surface,longitude latitude time1,6hr,surface precipitation,atmos,,This variable is being requested as instantaneous fields every 6 hours. Was unsure which Table to select! I think I want something like 6hrPt rather than 6hrPlevPt,kg m-2 s-1,New,,,,,
Variable atmos.6hr.intvaw_tpt-u-hxy-u (6hrPlevPt.intvaw),175,https://github.com/UKNCSP/CDDS-CMIP7-mappings/issues/175,6hr atmos,intvaw_tpt-u-hxy-u,northward_atmosphere_water_transport_across_unit_distance,Not present,area: areacella,area: point time: point,Vertically integrated northward moisture transport (Mass_weighted_vertical integral of the product of northward wind by total water mass per unit mass),longitude latitude time1,6hr,6 hourly instantaneous integral of meridional moisture flux,atmos,,I don't think 6hrPlevPt is the appropriate table but I didn't know what table to select,kg m-1 s-1,New,,,,,
Variable atmos.6hr.intuaw_tpt-u-hxy-u (6hrPlevPt.intuaw),174,https://github.com/UKNCSP/CDDS-CMIP7-mappings/issues/174,6hr atmos,intuaw_tpt-u-hxy-u,eastward_atmosphere_water_transport_across_unit_distance,Not present,area: areacella,area: mean time: point,Vertically integrated eastward moisture transport (Mass weighted vertical integral of the product of eastward wind by total water mass per unit mass),longitude latitude time1,6hr,6 hourly instantaneous vertical integral of zonal water vapor flux,atmos,,I've selected 6hrPlevPt for the table as there didn't seem to be another option that was appropriate but I think it should just be 6hrPt.,kg m-1 s-1,New,,,,,
Variable atmos.6hr.hur_tpt-850hPa-hxy-air (6hrPlevPt.hur850),172,https://github.com/UKNCSP/CDDS-CMIP7-mappings/issues/172,6hr atmos,hur_tpt-850hPa-hxy-air,relative_humidity,Not present,area: areacella,area: mean where air time: point,Relative humidity at 850 hPa,longitude latitude time1 p850,6hr,hur850,atmos,,,%,New,,,,,
Variable atmos.6hr.hur_tpt-500hPa-hxy-air (6hrPlevPt.hur500),171,https://github.com/UKNCSP/CDDS-CMIP7-mappings/issues/171,6hr atmos,hur_tpt-500hPa-hxy-air,relative_humidity,Not present,area: areacella,area: mean where air time: point,"Relative humidity at 500 hPa, 6 hourly instantaneous",longitude latitude time1 p500,6hr,hu500,atmos,,,%,New,,,,,
Variable atmos.6hr.hur_tpt-100hPa-hxy-u (6hrPlevPt.hur100),170,https://github.com/UKNCSP/CDDS-CMIP7-mappings/issues/170,6hr atmos,hur_tpt-100hPa-hxy-u,relative_humidity,Not present,area: areacella,area: mean time: point,Relative humidity at 100 hPa,longitude latitude time1 p100,6hr,hur100,atmos,,,%,New,,,,,
Variable atmos.6hr.ts_tavg-u-hxy-u (6hrPlev.ts),166,https://github.com/UKNCSP/CDDS-CMIP7-mappings/issues/166,6hr atmos,ts_tavg-u-hxy-u,surface_temperature,Not present,area: areacella,area: time: mean,Surface temperature (skin for open ocean),longitude latitude time,6hr,Surface temperature,atmos,,,K,New,,,,,
Variable atmos.6hr.rsds_tavg-u-hxy-u (6hrPlev.rsds),162,https://github.com/UKNCSP/CDDS-CMIP7-mappings/issues/162,6hr atmos,rsds_tavg-u-hxy-u,surface_downwelling_shortwave_flux_in_air,Not present,area: areacella,area: time: mean,Surface downwelling shortwave radiation,longitude latitude time,6hr,Surface Downwelling Shortwave Radiation,atmos,down,,W m-2,New,,,,,
Variable atmos.6hr.rlds_tavg-u-hxy-u (6hrPlev.rlds),161,https://github.com/UKNCSP/CDDS-CMIP7-mappings/issues/161,6hr atmos,rlds_tavg-u-hxy-u,surface_downwelling_longwave_flux_in_air,Not present,area: areacella,area: time: mean,Surface downwelling longwave radiation,longitude latitude time,6hr,Surface Downwelling Longwave Radiation,atmos,down,,W m-2,New,,,,,
Variable atmos.6hr.ps_tavg-u-hxy-u (6hrPlev.ps),159,https://github.com/UKNCSP/CDDS-CMIP7-mappings/issues/159,6hr atmos,ps_tavg-u-hxy-u,surface_air_pressure,Not present,area: areacella,area: time: mean,"Surface pressure, not mean sea level pressure",longitude latitude time,6hr,Surface Air Pressure,atmos,,,Pa,New,,,,,
Variable atmos.6hr.prsn_tavg-u-hxy-u (6hrPlev.prsn),158,https://github.com/UKNCSP/CDDS-CMIP7-mappings/issues/158,6hr atmos,prsn_tavg-u-hxy-u,snowfall_flux,Not present,area: areacella,area: time: mean,Precipitation rate at surface: Includes precipitation of all forms of water in the solid phase.,longitude latitude time,6hr,Snowfall Rate,atmos,down,,kg m-2 s-1,New,,,,,
Variable atmos.6hr.prra_tavg-u-hxy-u (6hrPlev.prra),157,https://github.com/UKNCSP/CDDS-CMIP7-mappings/issues/157,6hr atmos,prra_tavg-u-hxy-u,rainfall_flux,Not present,area: areacella,area: time: mean,Precipitation rate at surface: Includes precipitation of all forms of water in the liquid phase,longitude latitude time,6hr,Rainfall Flux,atmos,down,,kg m-2 s-1,New,,,,,
Variable atmos.6hr.huss_tavg-h2m-hxy-u (6hrPlev.huss),154,https://github.com/UKNCSP/CDDS-CMIP7-mappings/issues/154,6hr atmos,huss_tavg-h2m-hxy-u,specific_humidity,Not present,area: areacella,area: time: mean,"Near-surface (usually, 2 meter) specific humidity.",longitude latitude time height2m,6hr,Near-Surface Specific Humidity,atmos,,,1,New,,,,,
Variable atmos.6hr.zg_tpt-l-hxy-u (6hrLev.zg),152,https://github.com/UKNCSP/CDDS-CMIP7-mappings/issues/152,6hr atmos,zg_tpt-l-hxy-u,geopotential_height,Not present,area: areacella,area: mean time: point,Geopotential height,longitude latitude alevel time1,6hr,Geopotential height,atmos,,on all model levels,m,New,,,,,
Variable atmos.3hr.va_tavg-h100m-hxy-u (3hr.va100m),114,https://github.com/UKNCSP/CDDS-CMIP7-mappings/issues/114,3hr atmos,va_tavg-h100m-hxy-u,northward_wind,Not present,area: areacella,area: time: mean,Meridional wind (positive in a northward direction) at 100m,longitude latitude time height100m,3hr,3-hourly v-wind at 100m,atmos,,,m s-1,New,,,,,
Variable atmos.3hr.ua_tavg-h100m-hxy-u (3hr.ua100m),113,https://github.com/UKNCSP/CDDS-CMIP7-mappings/issues/113,3hr atmos,ua_tavg-h100m-hxy-u,eastward_wind,Not present,area: areacella,area: time: mean,Zonal wind (positive in a eastward direction) at 100m,longitude latitude time height100m,3hr,3-hourly u-wind at 100m,atmos,,,m s-1,New,,,,,
Variable atmos.mon.rluscs_tavg-u-hxy-u (Amon.rluscs),52,https://github.com/UKNCSP/CDDS-CMIP7-mappings/issues/52,mon atmos,rluscs_tavg-u-hxy-u,surface_upwelling_longwave_flux_assuming_clear_sky,Not present,area: areacella,area: time: mean,Surface Upwelling Clear-sky Longwave Radiation,longitude latitude time,mon,Surface Upwelling Clear-Sky Longwave Radiation,atmos,up,,W m-2,New,,,,,
Variable atmos.mon.prra_tavg-u-hxy-u (Amon.prra),44,https://github.com/UKNCSP/CDDS-CMIP7-mappings/issues/44,mon atmos,prra_tavg-u-hxy-u,rainfall_flux,Not present,area: areacella,area: time: mean,Rainfall rate at surface: Includes precipitation of all forms of water in the liquid phase,longitude latitude time,mon,Rainfall Flux,atmos,down,,kg m-2 s-1,New,,,,,
Variable atmos.mon.aod550volso4_tavg-u-hxy-u (Amon.aod550volso4),1,https://github.com/UKNCSP/CDDS-CMIP7-mappings/issues/1,mon atmos,aod550volso4_tavg-u-hxy-u,stratosphere_optical_thickness_due_to_volcanic_ambient_aerosol_particles,Not present,area: areacella,area: time: mean,This is the monthly averaged aerosol optical thickness at 550 nm due to stratospheric volcanic sulphate aerosols,longitude latitude time lambda550nm,mon,Monthly Aerosol Optical Depth at 550nm Due to Stratospheric Volcanic Aerosols,atmos,,,1E-09,New,,,,,
