title,issue_number,link,labels,Branded variable name,CF standard name,CMIP6 Differences,Cell methods,Dimensions,Frequency,Long name,Modeling realm,Positive,Processing notes,Units,Variable status,Expression HadGEM3-GC31,Expression UKESM1,Expression UKESM1-3,Model units
Variable atmos.mon.zg_tavg-p19-hxy-air (Amon.zg),78,https://github.com/UKNCSP/CDDS-CMIP7-mappings/issues/78,mon atmos CMIP6 UKESM1 HadGEM3-GC31,zg_tavg-p19-hxy-air,geopotential_height,,time: mean,longitude latitude plev19 time,mon,Geopotential Height,atmos,,,m,CMIP6 CMOR variable,"m01s30i297[blev=PLEV19, lbproc=128] / m01s30i304[blev=PLEV19, lbproc=128]","m01s30i297[blev=PLEV19, lbproc=128] / m01s30i304[blev=PLEV19, lbproc=128]",,m
Variable atmos.mon.wap_tavg-p19-hxy-air (Amon.wap),77,https://github.com/UKNCSP/CDDS-CMIP7-mappings/issues/77,mon atmos CMIP6 UKESM1 HadGEM3-GC31,wap_tavg-p19-hxy-air,lagrangian_tendency_of_air_pressure,"""comment"" was ""Omega (vertical velocity in pressure coordinates, positive downwards)"";",time: mean,longitude latitude plev19 time,mon,Omega (=dp/dt),atmos,,,Pa s-1,CMIP6 CMOR variable,"m01s30i298[blev=PLEV19, lbproc=128] / m01s30i304[blev=PLEV19, lbproc=128]","m01s30i298[blev=PLEV19, lbproc=128] / m01s30i304[blev=PLEV19, lbproc=128]",,Pa s-1
Variable atmos.mon.vas_tavg-h10m-hxy-u (Amon.vas),76,https://github.com/UKNCSP/CDDS-CMIP7-mappings/issues/76,mon atmos CMIP6 UKESM1 HadGEM3-GC31,vas_tavg-h10m-hxy-u,northward_wind,,area: time: mean,longitude latitude time height10m,mon,Northward Near-Surface Wind,atmos,,"normally, the the wind component should be reported at the 10 meter height; CHANGE SINCE CMIP6 in Dimensions - CMIP6:longitude latitude time height10m CMIP7:longitude latitude time  height10m,;  Changes since reverted/fixed. Variable now matches CMIP6 definition.",m s-1,CMIP6 CMOR variable,m01s03i210[lbproc=128],m01s03i210[lbproc=128],,m s-1
Variable atmos.mon.va_tavg-p19-hxy-air (Amon.va),75,https://github.com/UKNCSP/CDDS-CMIP7-mappings/issues/75,mon atmos CMIP6 UKESM1 HadGEM3-GC31,va_tavg-p19-hxy-air,northward_wind,,time: mean,longitude latitude plev19 time,mon,Northward Wind,atmos,,,m s-1,CMIP6 CMOR variable,"m01s30i202[blev=PLEV19, lbproc=128] / m01s30i301[blev=PLEV19, lbproc=128]","m01s30i202[blev=PLEV19, lbproc=128] / m01s30i301[blev=PLEV19, lbproc=128]",,m s-1
Variable atmos.mon.uas_tavg-h10m-hxy-u (Amon.uas),74,https://github.com/UKNCSP/CDDS-CMIP7-mappings/issues/74,mon atmos CMIP6 UKESM1 HadGEM3-GC31,uas_tavg-h10m-hxy-u,eastward_wind,,area: time: mean,longitude latitude time height10m,mon,Eastward Near-Surface Wind,atmos,,"normally, the the wind component should be reported at the 10 meter height; CHANGE SINCE CMIP6 in Dimensions - CMIP6:longitude latitude time height10m CMIP7:longitude latitude time  height10m,;  Changes since reverted/fixed. Variable now matches CMIP6 definition.",m s-1,CMIP6 CMOR variable,m01s03i209[lbproc=128],m01s03i209[lbproc=128],,m s-1
Variable atmos.mon.ua_tavg-p19-hxy-air (Amon.ua),73,https://github.com/UKNCSP/CDDS-CMIP7-mappings/issues/73,mon atmos CMIP6 UKESM1 HadGEM3-GC31,ua_tavg-p19-hxy-air,eastward_wind,,time: mean,longitude latitude plev19 time,mon,Eastward Wind,atmos,,,m s-1,CMIP6 CMOR variable,"m01s30i201[blev=PLEV19, lbproc=128] / m01s30i301[blev=PLEV19, lbproc=128]","m01s30i201[blev=PLEV19, lbproc=128] / m01s30i301[blev=PLEV19, lbproc=128]",,m s-1
Variable atmos.mon.ts_tavg-u-hxy-u (Amon.ts),72,https://github.com/UKNCSP/CDDS-CMIP7-mappings/issues/72,mon atmos CMIP6 UKESM1 HadGEM3-GC31,ts_tavg-u-hxy-u,surface_temperature,"""comment"" was ""Temperature of the lower boundary of the atmosphere"";",area: time: mean,longitude latitude time,mon,Surface Temperature,atmos,,,K,CMIP6 CMOR variable,m01s00i024[lbproc=128],m01s00i024[lbproc=128],,K
Variable atmos.mon.tauv_tavg-u-hxy-u (Amon.tauv),71,https://github.com/UKNCSP/CDDS-CMIP7-mappings/issues/71,mon atmos CMIP6 UKESM1 HadGEM3-GC31,tauv_tavg-u-hxy-u,surface_downward_northward_stress,,area: time: mean,longitude latitude time,mon,Surface Downward Northward Wind Stress,atmos,down,,Pa,CMIP6 CMOR variable,m01s03i461[lbproc=128],m01s03i461[lbproc=128],,Pa
Variable atmos.mon.tauu_tavg-u-hxy-u (Amon.tauu),70,https://github.com/UKNCSP/CDDS-CMIP7-mappings/issues/70,mon atmos CMIP6 UKESM1 HadGEM3-GC31,tauu_tavg-u-hxy-u,surface_downward_eastward_stress,,area: time: mean,longitude latitude time,mon,Surface Downward Eastward Wind Stress,atmos,down,,Pa,CMIP6 CMOR variable,m01s03i460[lbproc=128],m01s03i460[lbproc=128],,Pa
Variable atmos.mon.tasmin_tstat-h2m-hxy-u (Amon.tasmin),69,https://github.com/UKNCSP/CDDS-CMIP7-mappings/issues/69,mon atmos CMIP6 UKESM1 HadGEM3-GC31,tasmin_tstat-h2m-hxy-u,air_temperature,"""comment"" was ""minimum near-surface (usually, 2 meter) air temperature (add cell_method attribute 'time: min')""; ; ""dimensions"" was ""longitude latitude time height2m"";",area: mean time: minimum within days time: mean over days,longitude latitude time4 height2m,mon,Daily Minimum Near-Surface Air Temperature,atmos,,"Normally, this should be reported at the 2 meter height. CHANGE SINCE CMIP6 in Dimensions - CMIP6:longitude latitude time height2m CMIP7:longitude latitude time4 height2m,",K,CMIP6 CMOR variable,mon_mean_from_day(m01s03i236[lbproc=4096]),mon_mean_from_day(m01s03i236[lbproc=4096]),,K
Variable atmos.mon.tasmax_tstat-h2m-hxy-u (Amon.tasmax),68,https://github.com/UKNCSP/CDDS-CMIP7-mappings/issues/68,mon atmos CMIP6 UKESM1 HadGEM3-GC31,tasmax_tstat-h2m-hxy-u,air_temperature,"""dimensions"" was ""longitude latitude time height2m""; ; ""comment"" was ""maximum near-surface (usually, 2 meter) air temperature (add cell_method attribute 'time: max')"";",area: mean time: maximum within days time: mean over days,longitude latitude time4 height2m,mon,Daily Maximum Near-Surface Air Temperature,atmos,,"Normally, this should be reported at the 2 meter height.; CHANGE SINCE CMIP6 in Dimensions - CMIP6:longitude latitude time height2m CMIP7:longitude latitude time4 height2m,",K,CMIP6 CMOR variable,mon_mean_from_day(m01s03i236[lbproc=8192]),mon_mean_from_day(m01s03i236[lbproc=8192]),,K
Variable atmos.mon.tas_tavg-h2m-hxy-u (Amon.tas),67,https://github.com/UKNCSP/CDDS-CMIP7-mappings/issues/67,mon atmos CMIP6 UKESM1 HadGEM3-GC31,tas_tavg-h2m-hxy-u,air_temperature,,area: time: mean,longitude latitude time height2m,mon,Near-Surface Air Temperature,atmos,,"normally, the temperature should be reported at the 2 meter height",K,CMIP6 CMOR variable,m01s03i236[lbproc=128],m01s03i236[lbproc=128],m01s03i236[lbproc=128],K
Variable atmos.mon.ta_tavg-p19-hxy-air (Amon.ta),66,https://github.com/UKNCSP/CDDS-CMIP7-mappings/issues/66,mon atmos CMIP6 UKESM1 HadGEM3-GC31,ta_tavg-p19-hxy-air,air_temperature,,time: mean,longitude latitude plev19 time,mon,Air Temperature,atmos,,,K,CMIP6 CMOR variable,"m01s30i294[blev=PLEV19, lbproc=128] / m01s30i304[blev=PLEV19, lbproc=128]","m01s30i294[blev=PLEV19, lbproc=128] / m01s30i304[blev=PLEV19, lbproc=128]",,K
Variable atmos.mon.sfcWind_tavg-h10m-hxy-u (Amon.sfcWind),65,https://github.com/UKNCSP/CDDS-CMIP7-mappings/issues/65,mon atmos CMIP6 UKESM1 HadGEM3-GC31,sfcWind_tavg-h10m-hxy-u,wind_speed,"""comment"" was ""near-surface (usually, 10 meters) wind speed."";",area: time: mean,longitude latitude time height10m,mon,Near-Surface Wind Speed,atmos,,"normally, the the wind  should be reported at the 10 meter height; ; CHANGE SINCE CMIP6 in Dimensions - CMIP6:longitude latitude time height10m CMIP7:longitude latitude time  height10m,;  Changes since reverted/fixed. Variable now matches CMIP6 definition.",m s-1,CMIP6 CMOR variable,m01s03i230[lbproc=128],m01s03i230[lbproc=128],,m s-1
Variable atmos.mon.sci_tavg-u-hxy-u (Amon.sci),64,https://github.com/UKNCSP/CDDS-CMIP7-mappings/issues/64,mon atmos CMIP6 UKESM1 HadGEM3-GC31,sci_tavg-u-hxy-u,shallow_convection_time_fraction,,area: time: mean,longitude latitude time,mon,Fraction of Time Shallow Convection Occurs,atmos,,For models with a distinct shallow convection scheme only.,1,CMIP6 CMOR variable,m01s05i270[lbproc=128],m01s05i270[lbproc=128],,1
Variable landIce.mon.sbl_tavg-u-hxy-u (Amon.sbl),63,https://github.com/UKNCSP/CDDS-CMIP7-mappings/issues/63,mon landIce CMIP6 UKESM1 HadGEM3-GC31,sbl_tavg-u-hxy-u,tendency_of_atmosphere_mass_content_of_water_vapor_due_to_sublimation_of_surface_snow_and_ice,"""comment"" was ""The snow and ice sublimation flux is the loss of snow and ice mass per unit area from the surface resulting from their direct conversion to water vapor that enters the atmosphere."";",area: time: mean,longitude latitude time,mon,Surface Snow and Ice Sublimation Flux,landIce,,"This differs from sbl appearing in table Limon in that the flux is averaged over the entire grid cell, not just the land portion.; CHANGE SINCE CMIP6 in Modeling Realm - CMIP6:landIce CMIP7:ocean,",kg m-2 s-1,CMIP6 CMOR variable,m01s03i298[lbproc=128],m01s03i298[lbproc=128],,kg m-2 s-1
Variable atmos.mon.rtmt_tavg-u-hxy-u (Amon.rtmt),62,https://github.com/UKNCSP/CDDS-CMIP7-mappings/issues/62,mon atmos CMIP6 UKESM1 HadGEM3-GC31,rtmt_tavg-u-hxy-u,net_downward_radiative_flux_at_top_of_atmosphere_model,"""comment"" was ""Net Downward Radiative Flux at Top of Model : I.e., at the top of that portion of the atmosphere where dynamics are explicitly treated by the model. This is reported only if it differs from the net downward radiative flux at the top of the atmosphere."";",area: time: mean,longitude latitude time,mon,Net Downward Radiative Flux at Top of Model,atmos,down,,W m-2,CMIP6 CMOR variable,m01s01i207[lbproc=128] - m01s01i208[lbproc=128] - m01s03i332[lbproc=128],m01s01i207[lbproc=128] - m01s01i208[lbproc=128] - m01s03i332[lbproc=128],,W m-2
Variable atmos.mon.rsutcs_tavg-u-hxy-u (Amon.rsutcs),61,https://github.com/UKNCSP/CDDS-CMIP7-mappings/issues/61,mon atmos CMIP6 UKESM1 HadGEM3-GC31,rsutcs_tavg-u-hxy-u,toa_outgoing_shortwave_flux_assuming_clear_sky,,area: time: mean,longitude latitude time,mon,TOA Outgoing Clear-Sky Shortwave Radiation,atmos,up,,W m-2,CMIP6 CMOR variable,m01s01i209[lbproc=128],m01s01i209[lbproc=128],,W m-2
Variable atmos.mon.rsut_tavg-u-hxy-u (Amon.rsut),60,https://github.com/UKNCSP/CDDS-CMIP7-mappings/issues/60,mon atmos CMIP6 UKESM1 HadGEM3-GC31,rsut_tavg-u-hxy-u,toa_outgoing_shortwave_flux,,area: time: mean,longitude latitude time,mon,TOA Outgoing Shortwave Radiation,atmos,up,,W m-2,CMIP6 CMOR variable,m01s01i208[lbproc=128],m01s01i208[lbproc=128],,W m-2
Variable atmos.mon.rsuscs_tavg-u-hxy-u (Amon.rsuscs),59,https://github.com/UKNCSP/CDDS-CMIP7-mappings/issues/59,mon atmos CMIP6 UKESM1 HadGEM3-GC31,rsuscs_tavg-u-hxy-u,surface_upwelling_shortwave_flux_in_air_assuming_clear_sky,,area: time: mean,longitude latitude time,mon,Surface Upwelling Clear-Sky Shortwave Radiation,atmos,up,,W m-2,CMIP6 CMOR variable,m01s01i211[lbproc=128],m01s01i211[lbproc=128],,W m-2
Variable atmos.mon.rsus_tavg-u-hxy-u (Amon.rsus),58,https://github.com/UKNCSP/CDDS-CMIP7-mappings/issues/58,mon atmos CMIP6 UKESM1 HadGEM3-GC31,rsus_tavg-u-hxy-u,surface_upwelling_shortwave_flux_in_air,"""comment"" was ""The surface called 'surface' means the lower boundary of the atmosphere. 'shortwave' means shortwave radiation. Upwelling radiation is radiation from below. It does not mean 'net upward'. When thought of as being incident on a surface, a radiative flux is sometimes called 'irradiance'. In addition, it is identical with the quantity measured by a cosine-collector light-meter and sometimes called 'vector irradiance'. In accordance with common usage in geophysical disciplines, 'flux' implies per unit area, called 'flux density' in physics."";",area: time: mean,longitude latitude time,mon,Surface Upwelling Shortwave Radiation,atmos,up,,W m-2,CMIP6 CMOR variable,m01s01i235[lbproc=128] - m01s01i201[lbproc=128],m01s01i235[lbproc=128] - m01s01i201[lbproc=128],,W m-2
Variable atmos.mon.rsdt_tavg-u-hxy-u (Amon.rsdt),57,https://github.com/UKNCSP/CDDS-CMIP7-mappings/issues/57,mon atmos CMIP6 UKESM1 HadGEM3-GC31,rsdt_tavg-u-hxy-u,toa_incoming_shortwave_flux,"""comment"" was ""Shortwave radiation incident at the top of the atmosphere"";",area: time: mean,longitude latitude time,mon,TOA Incident Shortwave Radiation,atmos,down,,W m-2,CMIP6 CMOR variable,m01s01i207[lbproc=128],m01s01i207[lbproc=128],,W m-2
Variable atmos.mon.rsdscs_tavg-u-hxy-u (Amon.rsdscs),56,https://github.com/UKNCSP/CDDS-CMIP7-mappings/issues/56,mon atmos CMIP6 UKESM1 HadGEM3-GC31,rsdscs_tavg-u-hxy-u,surface_downwelling_shortwave_flux_in_air_assuming_clear_sky,,area: time: mean,longitude latitude time,mon,Surface Downwelling Clear-Sky Shortwave Radiation,atmos,down,,W m-2,CMIP6 CMOR variable,m01s01i210[lbproc=128],m01s01i210[lbproc=128],,W m-2
Variable atmos.mon.rsds_tavg-u-hxy-u (Amon.rsds),55,https://github.com/UKNCSP/CDDS-CMIP7-mappings/issues/55,mon atmos CMIP6 UKESM1 HadGEM3-GC31,rsds_tavg-u-hxy-u,surface_downwelling_shortwave_flux_in_air,,area: time: mean,longitude latitude time,mon,Surface Downwelling Shortwave Radiation,atmos,down,,W m-2,CMIP6 CMOR variable,m01s01i235[lbproc=128],m01s01i235[lbproc=128],,W m-2
Variable atmos.mon.rlutcs_tavg-u-hxy-u (Amon.rlutcs),54,https://github.com/UKNCSP/CDDS-CMIP7-mappings/issues/54,mon atmos CMIP6 UKESM1 HadGEM3-GC31,rlutcs_tavg-u-hxy-u,toa_outgoing_longwave_flux_assuming_clear_sky,,area: time: mean,longitude latitude time,mon,TOA Outgoing Clear-Sky Longwave Radiation,atmos,up,,W m-2,CMIP6 CMOR variable,m01s02i206[lbproc=128] + m01s03i332[lbproc=128] - m01s02i205[lbproc=128],m01s02i206[lbproc=128] + m01s03i332[lbproc=128] - m01s02i205[lbproc=128],,W m-2
Variable atmos.mon.rlut_tavg-u-hxy-u (Amon.rlut),53,https://github.com/UKNCSP/CDDS-CMIP7-mappings/issues/53,mon atmos CMIP6 UKESM1 HadGEM3-GC31,rlut_tavg-u-hxy-u,toa_outgoing_longwave_flux,,area: time: mean,longitude latitude time,mon,TOA Outgoing Longwave Radiation,atmos,up,,W m-2,CMIP6 CMOR variable,m01s03i332[lbproc=128],m01s03i332[lbproc=128],,W m-2
Variable atmos.mon.rluscs_tavg-u-hxy-u (Amon.rluscs),52,https://github.com/UKNCSP/CDDS-CMIP7-mappings/issues/52,mon atmos,rluscs_tavg-u-hxy-u,surface_upwelling_longwave_flux_assuming_clear_sky,Not present,area: time: mean,longitude latitude time,mon,Surface Upwelling Clear-Sky Longwave Radiation,atmos,up,,W m-2,New,,,,
Variable atmos.mon.rlus_tavg-u-hxy-u (Amon.rlus),51,https://github.com/UKNCSP/CDDS-CMIP7-mappings/issues/51,mon atmos CMIP6 UKESM1 HadGEM3-GC31,rlus_tavg-u-hxy-u,surface_upwelling_longwave_flux_in_air,"""comment"" was ""The surface called 'surface' means the lower boundary of the atmosphere. 'longwave' means longwave radiation. Upwelling radiation is radiation from below. It does not mean 'net upward'. When thought of as being incident on a surface, a radiative flux is sometimes called 'irradiance'. In addition, it is identical with the quantity measured by a cosine-collector light-meter and sometimes called 'vector irradiance'. In accordance with common usage in geophysical disciplines, 'flux' implies per unit area, called 'flux density' in physics."";",area: time: mean,longitude latitude time,mon,Surface Upwelling Longwave Radiation,atmos,up,,W m-2,CMIP6 CMOR variable,m01s02i207[lbproc=128] - m01s02i201[lbproc=128] + m01s03i332[lbproc=128] - m01s02i205[lbproc=128],m01s02i207[lbproc=128] - m01s02i201[lbproc=128] + m01s03i332[lbproc=128] - m01s02i205[lbproc=128],,W m-2
Variable atmos.mon.rldscs_tavg-u-hxy-u (Amon.rldscs),50,https://github.com/UKNCSP/CDDS-CMIP7-mappings/issues/50,mon atmos CMIP6 UKESM1 HadGEM3-GC31,rldscs_tavg-u-hxy-u,surface_downwelling_longwave_flux_in_air_assuming_clear_sky,,area: time: mean,longitude latitude time,mon,Surface Downwelling Clear-Sky Longwave Radiation,atmos,down,,W m-2,CMIP6 CMOR variable,m01s02i208[lbproc=128],m01s02i208[lbproc=128],,W m-2
Variable atmos.mon.rlds_tavg-u-hxy-u (Amon.rlds),49,https://github.com/UKNCSP/CDDS-CMIP7-mappings/issues/49,mon atmos CMIP6 UKESM1 HadGEM3-GC31,rlds_tavg-u-hxy-u,surface_downwelling_longwave_flux_in_air,"""comment"" was ""The surface called 'surface' means the lower boundary of the atmosphere. 'longwave' means longwave radiation. Downwelling radiation is radiation from above. It does not mean 'net downward'. When thought of as being incident on a surface, a radiative flux is sometimes called 'irradiance'. In addition, it is identical with the quantity measured by a cosine-collector light-meter and sometimes called 'vector irradiance'. In accordance with common usage in geophysical disciplines, 'flux' implies per unit area, called 'flux density' in physics."";",area: time: mean,longitude latitude time,mon,Surface Downwelling Longwave Radiation,atmos,down,,W m-2,CMIP6 CMOR variable,m01s02i207[lbproc=128],m01s02i207[lbproc=128],,W m-2
Variable atmos.mon.psl_tavg-u-hxy-u (Amon.psl),48,https://github.com/UKNCSP/CDDS-CMIP7-mappings/issues/48,mon atmos CMIP6 UKESM1 HadGEM3-GC31,psl_tavg-u-hxy-u,air_pressure_at_mean_sea_level,"""comment"" was ""Sea Level Pressure"";",area: time: mean,longitude latitude time,mon,Sea Level Pressure,atmos,,,Pa,CMIP6 CMOR variable,m01s16i222[lbproc=128],m01s16i222[lbproc=128],,Pa
Variable atmos.mon.ps_tavg-u-hxy-u (Amon.ps),47,https://github.com/UKNCSP/CDDS-CMIP7-mappings/issues/47,mon atmos CMIP6 UKESM1 HadGEM3-GC31,ps_tavg-u-hxy-u,surface_air_pressure,"""comment"" was ""surface pressure (not mean sea-level pressure), 2-D field to calculate the 3-D pressure field from hybrid coordinates"";",area: time: mean,longitude latitude time,mon,Surface Air Pressure,atmos,,,Pa,CMIP6 CMOR variable,m01s00i409[lbproc=128],m01s00i409[lbproc=128],,Pa
Variable atmos.mon.prw_tavg-u-hxy-u (Amon.prw),46,https://github.com/UKNCSP/CDDS-CMIP7-mappings/issues/46,mon atmos CMIP6 UKESM1 HadGEM3-GC31,prw_tavg-u-hxy-u,atmosphere_mass_content_of_water_vapor,,area: time: mean,longitude latitude time,mon,Water Vapor Path,atmos,,,kg m-2,CMIP6 CMOR variable,m01s30i461[lbproc=128],m01s30i461[lbproc=128],,kg m-2
Variable atmos.mon.prsn_tavg-u-hxy-u (Amon.prsn),45,https://github.com/UKNCSP/CDDS-CMIP7-mappings/issues/45,mon atmos CMIP6 UKESM1 HadGEM3-GC31,prsn_tavg-u-hxy-u,snowfall_flux,"""comment"" was ""At surface; includes precipitation of all forms of water in the solid phase"";",area: time: mean,longitude latitude time,mon,Snowfall Flux,atmos,,,kg m-2 s-1,CMIP6 CMOR variable,m01s05i215[lbproc=128],m01s05i215[lbproc=128],,kg m-2 s-1
Variable atmos.mon.prra_tavg-u-hxy-u (Amon.prra),44,https://github.com/UKNCSP/CDDS-CMIP7-mappings/issues/44,mon atmos,prra_tavg-u-hxy-u,rainfall_flux,Not present,area: time: mean,longitude latitude time,mon,Rainfall Flux,atmos,down,,kg m-2 s-1,New,,,,
Variable atmos.mon.prc_tavg-u-hxy-u (Amon.prc),43,https://github.com/UKNCSP/CDDS-CMIP7-mappings/issues/43,mon atmos CMIP6 UKESM1 HadGEM3-GC31,prc_tavg-u-hxy-u,convective_precipitation_flux,"""comment"" was ""Convective precipitation at surface; includes both liquid and solid phases."";",area: time: mean,longitude latitude time,mon,Convective Precipitation,atmos,,,kg m-2 s-1,CMIP6 CMOR variable,m01s05i205[lbproc=128] + m01s05i206[lbproc=128],m01s05i205[lbproc=128] + m01s05i206[lbproc=128],,kg m-2 s-1
Variable atmos.mon.pr_tavg-u-hxy-u (Amon.pr),42,https://github.com/UKNCSP/CDDS-CMIP7-mappings/issues/42,mon atmos CMIP6 UKESM1 HadGEM3-GC31,pr_tavg-u-hxy-u,precipitation_flux,"""comment"" was ""includes both liquid and solid phases"";",area: time: mean,longitude latitude time,mon,Precipitation,atmos,,,kg m-2 s-1,CMIP6 CMOR variable,m01s05i216[lbproc=128],m01s05i216[lbproc=128],,kg m-2 s-1
Variable atmos.mon.phalf_tclm-l-hxy-u (Amon.phalf),41,https://github.com/UKNCSP/CDDS-CMIP7-mappings/issues/41,mon atmos CMIP6,phalf_tclm-l-hxy-u,air_pressure,"""frequency"" was ""monC"";",area: mean time: mean within years time: mean over years,longitude latitude alevhalf time2,mon,Pressure on Model Half-Levels,atmos,,"CHANGE SINCE CMIP6 in CMIP7 Frequency - CMIP6:monC CMIP7:mon,",Pa,CMIP6 CMOR variable,,,,
Variable atmos.mon.pfull_tclm-l-hxy-u (Amon.pfull),40,https://github.com/UKNCSP/CDDS-CMIP7-mappings/issues/40,mon atmos CMIP6,pfull_tclm-l-hxy-u,air_pressure,"""frequency"" was ""monC"";",area: mean time: mean within years time: mean over years,longitude latitude alevel time2,mon,Pressure at Model Full-Levels,atmos,,"CHANGE SINCE CMIP6 in CMIP7 Frequency - CMIP6:monC CMIP7:mon,",Pa,CMIP6 CMOR variable,,,,
Variable atmosChem.mon.o3_tclm-p19-hxy-air (Amon.o3Clim),39,https://github.com/UKNCSP/CDDS-CMIP7-mappings/issues/39,mon atmosChem CMIP6,o3_tclm-p19-hxy-air,mole_fraction_of_ozone_in_air,"""frequency"" was ""monC""; ; ""cell_methods"" was ""area: mean time: mean within years time: mean over years""; ; ""modeling_realm"" was ""atmos atmosChem"";",area: mean where air time: mean within years time: mean over years,longitude latitude plev19 time2,mon,Mole Fraction of O3,atmosChem,,"If O3 does not vary from one year to the next, report 12 months, starting with January.   (Note: include all 12 months even if the values do not vary seasonally.)  When calling CMOR, identify this variable as tro3Clim, not tro3. If the O3 varies from one year to the next,  then report instead the field described in the previous table entry.  Are these the preferred units or should it be a unitless fraction?  Should this field be reported instead on model levels?  Or should we also require either the vertically integrated mole fraction (or mass?) of this species or the vertically integrated globally averaged mole fraction (or mass?)?; CHANGE SINCE CMIP6 in CMIP7 Frequency - CMIP6:monC CMIP7:mon, CHANGE SINCE CMIP6 in Cell Methods - CMIP6:area: mean time: mean within years time: mean over years CMIP7:area: mean where air time: mean within years time: mean over years,",mol mol-1,CMIP6 CMOR variable,,,,
Variable atmosChem.mon.o3_tavg-p19-hxy-air (Amon.o3),38,https://github.com/UKNCSP/CDDS-CMIP7-mappings/issues/38,mon atmosChem CMIP6 UKESM1 HadGEM3-GC31,o3_tavg-p19-hxy-air,mole_fraction_of_ozone_in_air,"""modeling_realm"" was ""atmos atmosChem"";",time: mean,longitude latitude plev19 time,mon,Mole Fraction of O3,atmosChem,,"If this does not change over time (except possibly to vary identically over each annual cycle), report instead the variable described in the next table entry.  Are these the preferred units or should it be a unitless fraction?  Should this field be reported instead on model levels?  Or should we also require either the vertically integrated mole fraction (or mass?) of this species or the vertically integrated globally averaged mole fraction (or mass?)?",mol mol-1,CMIP6 CMOR variable,"(MOLECULAR_MASS_OF_AIR / MOLECULAR_MASS_OF_O3) * m01s51i001[blev=PLEV19, lbproc=128] / m01s51i999[blev=PLEV19, lbproc=128]","(MOLECULAR_MASS_OF_AIR / MOLECULAR_MASS_OF_O3) * m01s51i001[blev=PLEV19, lbproc=128] / m01s51i999[blev=PLEV19, lbproc=128]",,mol mol-1
Variable atmosChem.mon.n2o_tclm-u-hm-u (Amon.n2oglobalClim),37,https://github.com/UKNCSP/CDDS-CMIP7-mappings/issues/37,mon atmosChem CMIP6,n2o_tclm-u-hm-u,mole_fraction_of_nitrous_oxide_in_air,"""frequency"" was ""monC""; ; ""cell_methods"" was ""area: mean time: mean within years time: mean over years""; ; ""units"" was ""1e-09""; ; ""modeling_realm"" was ""atmos atmosChem"";",height: sum (through atmospheric column) area: sum time: mean within years time: mean over years,time2,mon,Global Mean Mole Fraction of N2O,atmosChem,,"Report only for simulations (e.g., prescribed concentration pi-control run), in which the N2O does not vary from one year to the next. Report 12 monthly values, starting with January, even if the values do not vary seasonally.  When calling CMOR, identify this variable as ch4globalClim, not ch4global.  If N2O is spatially nonuniform, omit this field, but report Global Mean Mole Fraction of N2O (see the table entry before the previous one).  Are these the preferred units or should it be a unitless fraction?  Should this field be reported instead on model levels?  Or should we also require either the vertically integrated mole fraction (or mass?) of this species or the vertically integrated globally averaged mole fraction (or mass?)?; CHANGE SINCE CMIP6 in CMIP7 Frequency - CMIP6:monC CMIP7:mon, CHANGE SINCE CMIP6 in Units (from Physical Parameter) - CMIP6:1.00E-09 CMIP7:mol mol-1, CHANGE SINCE CMIP6 in Cell Methods - CMIP6:area: mean time: mean within years time: mean over years CMIP7:height: sum (through atmospheric column) area: sum time: mean within years time: mean over years,",mol mol-1,CMIP6 CMOR variable,,,,
Variable atmosChem.mon.n2o_tavg-u-hm-u (Amon.n2oglobal),36,https://github.com/UKNCSP/CDDS-CMIP7-mappings/issues/36,mon atmosChem CMIP6 UKESM1 HadGEM3-GC31,n2o_tavg-u-hm-u,mole_fraction_of_nitrous_oxide_in_air,"""units"" was ""1e-09""; ; ""modeling_realm"" was ""atmos atmosChem""; ; ""cell_methods"" was ""area: time: mean"";",height: sum (through atmospheric column) area: sum time: mean,time,mon,Global Mean Mole Fraction of N2O,atmosChem,,"For some simulations (e.g., prescribed concentration pi-control run), this will not vary from one year to the next, and so report instead the variable described in the next table entry.  If N2O is spatially nonuniform, omit this field, but report Mole Fraction of N2O (see the table entry before the previous one).   Are these the preferred units or should it be a unitless fraction?  Should this field be reported instead on model levels?  Or should we also require either the vertically integrated mole fraction (or mass?) of this species or the vertically integrated globally averaged mole fraction (or mass?)?; CHANGE SINCE CMIP6 in Cell Methods - CMIP6:area: time: mean CMIP7:height: sum (through atmospheric column) area: sum time: mean,",1E-09,CMIP6 CMOR variable,"mmr2molefrac(m01s50i063[lbproc=128], m01s34i049[lbproc=128], MOLECULAR_MASS_OF_N2O)","mmr2molefrac(m01s50i063[lbproc=128], m01s34i049[lbproc=128], MOLECULAR_MASS_OF_N2O)",,1
Variable atmosChem.mon.n2o_tclm-p19-hxy-air (Amon.n2oClim),35,https://github.com/UKNCSP/CDDS-CMIP7-mappings/issues/35,mon atmosChem CMIP6,n2o_tclm-p19-hxy-air,mole_fraction_of_nitrous_oxide_in_air,"""frequency"" was ""monC""; ; ""cell_methods"" was ""area: mean time: mean within years time: mean over years""; ; ""modeling_realm"" was ""atmos atmosChem"";",area: mean where air time: mean within years time: mean over years,longitude latitude plev19 time2,mon,Mole Fraction of N2O,atmosChem,,"Report only for simulations (e.g., prescribed concentration pi-control run), in which the N2O does not vary from one year to the next. Report 12 monthly values, starting with January, even if the values do not vary seasonally.  When calling CMOR, identify this variable as n2oglobal, not n2o.   If  N2O is spatially uniform, omit this field, but report Global Mean Mole Fraction of N2O (see the table entry after the next).  Are these the preferred units or should it be a unitless fraction?  Should this field be reported instead on model levels?  Or should we also require either the vertically integrated mole fraction (or mass?) of this species or the vertically integrated globally averaged mole fraction (or mass?)?; CHANGE SINCE CMIP6 in CMIP7 Frequency - CMIP6:monC CMIP7:mon, CHANGE SINCE CMIP6 in Cell Methods - CMIP6:area: mean time: mean within years time: mean over years CMIP7:area: mean where air time: mean within years time: mean over years,",mol mol-1,CMIP6 CMOR variable,,,,
Variable atmosChem.mon.n2o_tavg-p19-hxy-air (Amon.n2o),34,https://github.com/UKNCSP/CDDS-CMIP7-mappings/issues/34,mon atmosChem CMIP6 UKESM1 HadGEM3-GC31,n2o_tavg-p19-hxy-air,mole_fraction_of_nitrous_oxide_in_air,"""modeling_realm"" was ""atmos atmosChem"";",time: mean,longitude latitude plev19 time,mon,Mole Fraction of N2O,atmosChem,,"For some simulations (e.g., prescribed concentration pi-control run), this will not vary from one year to the next, and so report instead the variable described in the next table entry.  If N2O is spatially uniform, omit this field, but report Global Mean Mole Fraction of N2O (see the table entry after the next one).  Are these the preferred units or should it be a unitless fraction?  Should this field be reported instead on model levels?  Or should we also require either the vertically integrated mole fraction (or mass?) of this species or the vertically integrated globally averaged mole fraction (or mass?)?",mol mol-1,CMIP6 CMOR variable,"(MOLECULAR_MASS_OF_AIR / MOLECULAR_MASS_OF_N2O) * m01s51i049[blev=PLEV19, lbproc=128] / m01s51i999[blev=PLEV19, lbproc=128]","(MOLECULAR_MASS_OF_AIR / MOLECULAR_MASS_OF_N2O) * m01s51i049[blev=PLEV19, lbproc=128] / m01s51i999[blev=PLEV19, lbproc=128]",,mol mol-1
Variable atmos.mon.mc_tavg-l-hxy-u (Amon.mc),33,https://github.com/UKNCSP/CDDS-CMIP7-mappings/issues/33,mon atmos CMIP6 UKESM1 HadGEM3-GC31,mc_tavg-l-hxy-u,atmosphere_net_upward_convective_mass_flux,,area: time: mean,longitude latitude alevhalf time,mon,Convective Mass Flux,atmos,up,"Report on model half-levels (i.e., model layer bounds and not standard pressures).",kg m-2 s-1,CMIP6 CMOR variable,(m01s05i250[lbproc=128] - m01s05i251[lbproc=128]) / ACCELERATION_DUE_TO_EARTH_GRAVITY,(m01s05i250[lbproc=128] - m01s05i251[lbproc=128]) / ACCELERATION_DUE_TO_EARTH_GRAVITY,,kg m-2 s-1
Variable atmos.mon.huss_tavg-h2m-hxy-u (Amon.huss),32,https://github.com/UKNCSP/CDDS-CMIP7-mappings/issues/32,mon atmos CMIP6 UKESM1 HadGEM3-GC31,huss_tavg-h2m-hxy-u,specific_humidity,,area: time: mean,longitude latitude time height2m,mon,Near-Surface Specific Humidity,atmos,,"Normally, the specific humidity should be reported at the 2 meter height; CHANGE SINCE CMIP6 in Dimensions - CMIP6:longitude latitude time height2m CMIP7:longitude latitude time  height2m,;  Changes since reverted/fixed. Variable now matches CMIP6 definition.",1,CMIP6 CMOR variable,m01s03i237[lbproc=128],m01s03i237[lbproc=128],,1
Variable atmos.mon.hus_tavg-p19-hxy-u (Amon.hus),31,https://github.com/UKNCSP/CDDS-CMIP7-mappings/issues/31,mon atmos CMIP6 UKESM1 HadGEM3-GC31,hus_tavg-p19-hxy-u,specific_humidity,,time: mean,longitude latitude plev19 time,mon,Specific Humidity,atmos,,,1,CMIP6 CMOR variable,"m01s30i295[blev=PLEV19, lbproc=128] / m01s30i304[blev=PLEV19, lbproc=128]","m01s30i295[blev=PLEV19, lbproc=128] / m01s30i304[blev=PLEV19, lbproc=128]",,1
Variable atmos.mon.hurs_tavg-h2m-hxy-u (Amon.hurs),30,https://github.com/UKNCSP/CDDS-CMIP7-mappings/issues/30,mon atmos CMIP6 UKESM1 HadGEM3-GC31,hurs_tavg-h2m-hxy-u,relative_humidity,"""comment"" was ""The relative humidity with respect to liquid water for T> 0 C, and with respect to ice for T<0 C."";",area: time: mean,longitude latitude time height2m,mon,Near-Surface Relative Humidity,atmos,,"express as a percentage.  Normally, the relative humidity  should be reported at the 2 meter height; CHANGE SINCE CMIP6 in Dimensions - CMIP6:longitude latitude time height2m CMIP7:longitude latitude time  height2m,;  Changes since reverted/fixed. Variable now matches CMIP6 definition.",%,CMIP6 CMOR variable,m01s03i245[lbproc=128],m01s03i245[lbproc=128],,%
Variable atmos.mon.hur_tavg-p19-hxy-air (Amon.hur),29,https://github.com/UKNCSP/CDDS-CMIP7-mappings/issues/29,mon atmos CMIP6 UKESM1 HadGEM3-GC31,hur_tavg-p19-hxy-air,relative_humidity,"""comment"" was ""The relative humidity with respect to liquid water for T> 0 C, and with respect to ice for T<0 C."";",time: mean,longitude latitude plev19 time,mon,Relative Humidity,atmos,,,%,CMIP6 CMOR variable,"m01s30i296[blev=PLEV19, lbproc=128] / m01s30i304[blev=PLEV19, lbproc=128]","m01s30i296[blev=PLEV19, lbproc=128] / m01s30i304[blev=PLEV19, lbproc=128]",,%
Variable atmos.mon.hfss_tavg-u-hxy-u (Amon.hfss),28,https://github.com/UKNCSP/CDDS-CMIP7-mappings/issues/28,mon atmos CMIP6 UKESM1 HadGEM3-GC31,hfss_tavg-u-hxy-u,surface_upward_sensible_heat_flux,,area: time: mean,longitude latitude time,mon,Surface Upward Sensible Heat Flux,atmos,up,,W m-2,CMIP6 CMOR variable,m01s03i217[lbproc=128],m01s03i217[lbproc=128],,W m-2
Variable atmos.mon.hfls_tavg-u-hxy-u (Amon.hfls),27,https://github.com/UKNCSP/CDDS-CMIP7-mappings/issues/27,mon atmos CMIP6 UKESM1 HadGEM3-GC31,hfls_tavg-u-hxy-u,surface_upward_latent_heat_flux,"""comment"" was ""The surface called 'surface' means the lower boundary of the atmosphere. 'Upward' indicates a vector component which is positive when directed upward (negative downward). The surface latent heat flux is the exchange of heat between the surface and the air on account of evaporation (including sublimation). In accordance with common usage in geophysical disciplines, 'flux' implies per unit area, called 'flux density' in physics."";",area: time: mean,longitude latitude time,mon,Surface Upward Latent Heat Flux,atmos,up,,W m-2,CMIP6 CMOR variable,m01s03i234[lbproc=128],m01s03i234[lbproc=128],,W m-2
Variable atmosChem.mon.hcfc22_tavg-u-hm-u (Amon.hcfc22global),26,https://github.com/UKNCSP/CDDS-CMIP7-mappings/issues/26,mon atmosChem CMIP6,hcfc22_tavg-u-hm-u,mole_fraction_of_hcfc22_in_air,"""units"" was ""1e-12""; ; ""modeling_realm"" was ""atmos atmosChem""; ; ""cell_methods"" was ""area: time: mean"";",height: area: time: mean (with all samples weighted by the number of moles of air in the sample),time,mon,Global Mean Mole Fraction of HCFC22,atmosChem,,"CHANGE SINCE CMIP6 in Cell Methods - CMIP6:area: time: mean CMIP7:height: sum (through atmospheric column) area: sum time: mean,; CHANGE SINCE CMIP6 in Modeling Realm - primary - CMIP6:atmos, atmosChem CMIP7:atmosChem, CHANGE SINCE CMIP6 in Cell Methods - CMIP6:area: time: mean CMIP7:height: area: time: mean (with all samples weighted by the number of moles of air in the sample),",1E-12,CMIP6 CMOR variable,,,,
Variable atmos.mon.fco2nat_tavg-u-hxy-u (Amon.fco2nat),25,https://github.com/UKNCSP/CDDS-CMIP7-mappings/issues/25,mon atmos CMIP6 UKESM1,fco2nat_tavg-u-hxy-u,surface_upward_mass_flux_of_carbon_dioxide_expressed_as_carbon_due_to_emission_from_natural_sources,"""comment"" was ""This is what the atmosphere sees (on its own grid).  This field should be equivalent to the combined natural fluxes of carbon  that account for natural exchanges between the atmosphere and land (nep) or ocean (fgco2) reservoirs."";",area: time: mean,longitude latitude time,mon,Surface Carbon Mass Flux into the Atmosphere Due to Natural Sources [kgC m-2 s-1],atmos,,Report from all simulations (both emission-driven and concentration-driven) performed by models with fully interactive and responsive carbon cycles.,kg m-2 s-1,CMIP6 CMOR variable,,"((mdi_to_zero(m01s03i327[lbproc=128]) - m01s00i251[lbproc=128]) * (ATOMIC_MASS_OF_C / MOLECULAR_MASS_OF_CO2)) - (m01s03i395[lbproc=128, lbtim_ia=6] * (mdi_to_zero(m01s19i042[lbtim_ia=240,lbproc=128]) + mdi_to_zero(m01s19i044[lbtim_ia=240,lbproc=128]))) / (SECONDS_IN_DAY * DAYS_IN_YEAR)",,kg m-2 s-1
Variable atmos.mon.fco2fos_tavg-u-hxy-u (Amon.fco2fos),24,https://github.com/UKNCSP/CDDS-CMIP7-mappings/issues/24,mon atmos CMIP6 UKESM1,fco2fos_tavg-u-hxy-u,tendency_of_atmosphere_mass_content_of_carbon_dioxide_expressed_as_carbon_due_to_emission_from_fossil_fuel_combustion,,area: time: mean,longitude latitude time,mon,Carbon Mass Flux into Atmosphere Due to Fossil Fuel Emissions of CO2 [kgC m-2 s-1],atmos,,This is requested only for the emission-driven coupled carbon climate model runs.,kg m-2 s-1,CMIP6 CMOR variable,,m01s00i251[lbproc=128] * (ATOMIC_MASS_OF_C / MOLECULAR_MASS_OF_CO2),,kg m-2 s-1
Variable atmos.mon.fco2antt_tavg-u-hxy-u (Amon.fco2antt),23,https://github.com/UKNCSP/CDDS-CMIP7-mappings/issues/23,mon atmos CMIP6 UKESM1,fco2antt_tavg-u-hxy-u,tendency_of_atmosphere_mass_content_of_carbon_dioxide_expressed_as_carbon_due_to_anthropogenic_emission,,area: time: mean,longitude latitude time,mon,Carbon Mass Flux into Atmosphere Due to All Anthropogenic Emissions of CO2 [kgC m-2 s-1],atmos,,,kg m-2 s-1,CMIP6 CMOR variable,,"m01s00i251[lbproc=128] * (ATOMIC_MASS_OF_C / MOLECULAR_MASS_OF_CO2) + m01s03i395[lbproc=128] * (mdi_to_zero(m01s19i042[lbtim_ia=240,lbproc=128]) + mdi_to_zero(m01s19i044[lbtim_ia=240,lbproc=128])) / (SECONDS_IN_DAY * DAYS_IN_YEAR)",,kg m-2 s-1
Variable atmos.mon.evspsbl_tavg-u-hxy-u (Amon.evspsbl),22,https://github.com/UKNCSP/CDDS-CMIP7-mappings/issues/22,mon atmos CMIP6 UKESM1 HadGEM3-GC31,evspsbl_tavg-u-hxy-u,water_evapotranspiration_flux,"""comment"" was ""Evaporation at surface (also known as evapotranspiration): flux of water into the atmosphere due to conversion of both liquid and solid phases to vapor (from underlying surface and vegetation)"";",area: time: mean,longitude latitude time,mon,Evaporation Including Sublimation and Transpiration,atmos,,,kg m-2 s-1,CMIP6 CMOR variable,m01s03i223[lbproc=128],m01s03i223[lbproc=128],,kg m-2 s-1
Variable atmos.mon.co2_tclm-u-hm-u (Amon.co2massCLim),21,https://github.com/UKNCSP/CDDS-CMIP7-mappings/issues/21,mon atmos CMIP6,co2_tclm-u-hm-u,mole_fraction_of_carbon_dioxide_in_air,"""frequency"" was ""monC""; ; ""standard_name"" was ""atmosphere_mass_of_carbon_dioxide""; ; ""units"" was ""kg""; ; ""cell_methods"" was ""area: mean time: mean within years time: mean over years"";",height: sum (through atmospheric column) area: sum time: mean within years time: mean over years,time2,mon,Total Atmospheric Mass of CO2,atmos,,"Report only for simulations (e.g., prescribed concentration pi-control run), in which the CO2 does not vary from one year to the next. Report 12 monthly values, starting with January, even if the values do not vary seasonally.  When calling CMOR, identify this variable as co2massClim, not co2mass.  If CO2 is spatially nonuniform, omit this field, but report Mole Fraction of CO2 (see the table entry before the previous one).; CHANGE SINCE CMIP6: compound name,",mol mol-1,CMIP6 CMOR variable,,,,
Variable atmos.mon.co2mass_tavg-u-hm-u (Amon.co2mass),20,https://github.com/UKNCSP/CDDS-CMIP7-mappings/issues/20,mon atmos CMIP6 UKESM1 HadGEM3-GC31,co2mass_tavg-u-hm-u,atmosphere_mass_of_carbon_dioxide,"""cell_methods"" was ""area: time: mean"";",height: sum (through atmospheric column) area: sum time: mean,time,mon,Total Atmospheric Mass of CO2,atmos,,"For some simulations (e.g., prescribed concentration pi-control run), this will not vary from one year to the next, and so report instead the variable described in the next table entry.  If CO2 is spatially nonuniform, omit this field, but report Mole Fraction of CO2 (see the table entry before the previous one).; CHANGE SINCE CMIP6 in Cell Methods - CMIP6:area: time: mean CMIP7:height: sum (through atmospheric column) area: sum time: mean,",kg,CMIP6 CMOR variable,m01s30i465[lbproc=128],m01s30i465[lbproc=128],,kg
Variable atmos.mon.co2_tclm-p19-hxy-air (Amon.co2Clim),19,https://github.com/UKNCSP/CDDS-CMIP7-mappings/issues/19,mon atmos CMIP6,co2_tclm-p19-hxy-air,mole_fraction_of_carbon_dioxide_in_air,"""frequency"" was ""monC""; ; ""cell_methods"" was ""area: mean time: mean within years time: mean over years"";",area: mean where air time: mean within years time: mean over years,longitude latitude plev19 time2,mon,Mole Fraction of CO2,atmos,,"Report only for simulations (e.g., prescribed concentration pi-control run), in which the CO2 does not vary from one year to the next. Report 12 monthly values, starting with January, even if the values do not vary seasonally.  When calling CMOR, identify this variable as co2Clim, not co2.   If  CO2 is spatially uniform, omit this field, but report Total Atmospheric Mass of CO2 (see the table entry after the next).  Are these the preferred units or should it be a unitless fraction?  Should this field be reported instead on model levels?  Or should we also require either the vertically integrated mole fraction (or mass?) of this species or the vertically integrated globally averaged mole fraction (or mass?)?; CHANGE SINCE CMIP6 in CMIP7 Frequency - CMIP6:monC CMIP7:mon, CHANGE SINCE CMIP6 in Cell Methods - CMIP6:area: mean time: mean within years time: mean over years CMIP7:area: mean where air time: mean within years time: mean over years,",mol mol-1,CMIP6 CMOR variable,,,,
Variable atmos.mon.co2_tavg-p19-hxy-air (Amon.co2),18,https://github.com/UKNCSP/CDDS-CMIP7-mappings/issues/18,mon atmos CMIP6,co2_tavg-p19-hxy-air,mole_fraction_of_carbon_dioxide_in_air,,time: mean,longitude latitude plev19 time,mon,Mole Fraction of CO2,atmos,,"For some simulations (e.g., prescribed concentration pi-control run), this will not vary from one year to the next, and so report instead the variable described in the next table entry.  If spatially uniform, omit this field, but report Total Atmospheric Mass of CO2 (see the table entry after the next one).  Are these the preferred units or should it be a unitless fraction?  Should this field be reported instead on model levels?  Or should we also require either the vertically integrated mole fraction (or mass?) of this species or the vertically integrated globally averaged mole fraction (or mass?)?",mol mol-1,CMIP6 CMOR variable,,,,
Variable atmos.mon.clwvi_tavg-u-hxy-u (Amon.clwvi),17,https://github.com/UKNCSP/CDDS-CMIP7-mappings/issues/17,mon atmos CMIP6 UKESM1 HadGEM3-GC31,clwvi_tavg-u-hxy-u,atmosphere_mass_content_of_cloud_condensed_water,"""comment"" was ""Mass of condensed (liquid + ice) water in the column divided by the area of the column (not just the area of the cloudy portion of the column). Includes precipitating hydrometeors ONLY if the precipitating hydrometeors affect the calculation of radiative transfer in model."";",area: time: mean,longitude latitude time,mon,Condensed Water Path,atmos,,,kg m-2,CMIP6 CMOR variable,m01s02i391[lbproc=128] + m01s02i392[lbproc=128],m01s02i391[lbproc=128] + m01s02i392[lbproc=128],,kg m-2
Variable atmos.mon.clw_tavg-l-hxy-u (Amon.clw),16,https://github.com/UKNCSP/CDDS-CMIP7-mappings/issues/16,mon atmos CMIP6 UKESM1 HadGEM3-GC31,clw_tavg-l-hxy-u,mass_fraction_of_cloud_liquid_water_in_air,"""comment"" was ""Includes both large-scale and convective cloud. Calculate as the mass of cloud liquid water in the grid cell divided by the mass of air (including the water in all phases) in the grid cells. Precipitating hydrometeors are included ONLY if the precipitating hydrometeors affect the calculation of radiative transfer in model."";",area: time: mean,longitude latitude alevel time,mon,Mass Fraction of Cloud Liquid Water,atmos,,Report on model layers (not standard pressures).,kg kg-1,CMIP6 CMOR variable,m01s02i308[lbproc=128],m01s02i308[lbproc=128],,kg kg-1
Variable atmos.mon.clt_tavg-u-hxy-u (Amon.clt),15,https://github.com/UKNCSP/CDDS-CMIP7-mappings/issues/15,mon atmos CMIP6 UKESM1 HadGEM3-GC31,clt_tavg-u-hxy-u,cloud_area_fraction,"""comment"" was ""Total cloud area fraction (reported as a percentage) for the whole atmospheric column, as seen from the surface or the top of the atmosphere. Includes both large-scale and convective cloud."";",area: time: mean,longitude latitude time,mon,Total Cloud Cover Percentage,atmos,,,%,CMIP6 CMOR variable,m01s02i204[lbproc=128],m01s02i204[lbproc=128],,1
Variable atmos.mon.clivi_tavg-u-hxy-u (Amon.clivi),14,https://github.com/UKNCSP/CDDS-CMIP7-mappings/issues/14,mon atmos CMIP6 UKESM1 HadGEM3-GC31,clivi_tavg-u-hxy-u,atmosphere_mass_content_of_cloud_ice,,area: time: mean,longitude latitude time,mon,Ice Water Path,atmos,,,kg m-2,CMIP6 CMOR variable,m01s02i392[lbproc=128],m01s02i392[lbproc=128],,kg m-2
Variable atmos.mon.cli_tavg-l-hxy-u (Amon.cli),13,https://github.com/UKNCSP/CDDS-CMIP7-mappings/issues/13,mon atmos CMIP6 UKESM1 HadGEM3-GC31,cli_tavg-l-hxy-u,mass_fraction_of_cloud_ice_in_air,"""comment"" was ""Includes both large-scale and convective cloud. This is calculated as the mass of cloud ice in the grid cell divided by the mass of air (including the water in all phases) in the grid cell. It includes precipitating hydrometeors ONLY if the precipitating hydrometeors affect the calculation of radiative transfer in model."";",area: time: mean,longitude latitude alevel time,mon,Mass Fraction of Cloud Ice,atmos,,Report on model layers (not standard pressures).,kg kg-1,CMIP6 CMOR variable,m01s02i309[lbproc=128],m01s02i309[lbproc=128],,kg kg-1
Variable atmos.mon.cl_tavg-l-hxy-u (Amon.cl),12,https://github.com/UKNCSP/CDDS-CMIP7-mappings/issues/12,mon atmos CMIP6 UKESM1 HadGEM3-GC31,cl_tavg-l-hxy-u,cloud_area_fraction_in_atmosphere_layer,"""comment"" was ""Percentage cloud cover, including both large-scale and convective cloud."";",area: time: mean,longitude latitude alevel time,mon,Percentage Cloud Cover,atmos,,Report on model layers (not standard pressures).,%,CMIP6 CMOR variable,m01s02i261[lbproc=128],m01s02i261[lbproc=128],,1
Variable atmos.mon.ci_tavg-u-hxy-u (Amon.ci),11,https://github.com/UKNCSP/CDDS-CMIP7-mappings/issues/11,mon atmos CMIP6 UKESM1 HadGEM3-GC31,ci_tavg-u-hxy-u,convection_time_fraction,"""comment"" was ""Fraction of time that convection occurs in the grid cell."";",area: time: mean,longitude latitude time,mon,Fraction of Time Convection Occurs in Cell,atmos,,,1,CMIP6 CMOR variable,m01s05i269[lbproc=128],m01s05i269[lbproc=128],,1
Variable atmosChem.mon.ch4_tclm-u-hm-u (Amon.ch4globalClim),10,https://github.com/UKNCSP/CDDS-CMIP7-mappings/issues/10,mon atmosChem CMIP6,ch4_tclm-u-hm-u,mole_fraction_of_methane_in_air,"""frequency"" was ""monC""; ; ""cell_methods"" was ""area: mean time: mean within years time: mean over years""; ; ""units"" was ""1e-09""; ; ""modeling_realm"" was ""atmos atmosChem"";",height: area: mean time: mean within years time: mean over years (with all samples weighted by the number of moles of air in the sample),time2,mon,Global Mean Mole Fraction of CH4,atmosChem,,"Report only for simulations (e.g., prescribed concentration pi-control run), in which the CH4 does not vary from one year to the next. Report 12 monthly values, starting with January, even if the values do not vary seasonally.  When calling CMOR, identify this variable as ch4globalClim, not ch4global.  If CH4 is spatially nonuniform, omit this field, but report Global Mean Mole Fraction of CH4 (see the table entry before the previous one).   Are these the preferred units or should it be a unitless fraction?  Should this field be reported instead on model levels?  Or should we also require either the vertically integrated mole fraction (or mass?) of this species or the vertically integrated globally averaged mole fraction (or mass?)?; ; CHANGE SINCE CMIP6 in CMIP7 Frequency - CMIP6:monC CMIP7:mon, CHANGE SINCE CMIP6 in Units (from Physical Parameter) - CMIP6:1.00E-09 CMIP7:mol mol-1, CHANGE SINCE CMIP6 in Cell Methods - CMIP6:area: mean time: mean within years time: mean over years CMIP7:height: sum (through atmospheric column) area: sum time: mean within years time: mean over years,; CHANGE SINCE CMIP6 in Modeling Realm - primary - CMIP6:atmos, atmosChem CMIP7:atmosChem, CHANGE SINCE CMIP6 in Cell Methods - CMIP6:area: mean time: mean within years time: mean over years CMIP7:height: area: mean time: mean within years time: mean over years (with all samples weighted by the number of moles of air in the sample),",mol mol-1,CMIP6 CMOR variable,,,,
Variable atmosChem.mon.ch4_tavg-u-hm-u (Amon.ch4global),9,https://github.com/UKNCSP/CDDS-CMIP7-mappings/issues/9,mon atmosChem CMIP6 UKESM1 HadGEM3-GC31,ch4_tavg-u-hm-u,mole_fraction_of_methane_in_air,"""units"" was ""1e-09""; ; ""modeling_realm"" was ""atmos atmosChem""; ; ""cell_methods"" was ""area: time: mean"";",height: area: time: mean (with all samples weighted by the number of moles of air in the sample),time,mon,Global Mean Mole Fraction of CH4,atmosChem,,"For some simulations (e.g., prescribed concentration pi-control run), this will not vary from one year to the next, and so report instead the variable described in the next table entry.  If CH4 is spatially nonuniform, omit this field, but report Mole Fraction of CH4 (see the table entry before the previous one).  Are these the preferred units or should it be a unitless fraction?  Should this field be reported instead on model levels?  Or should we also require either the vertically integrated mole fraction (or mass?) of this species or the vertically integrated globally averaged mole fraction (or mass?)?; CHANGE SINCE CMIP6 in Units (from Physical Parameter) - CMIP6:1.00E-09 CMIP7:1E-09, CHANGE SINCE CMIP6 in Cell Methods - CMIP6:area: time: mean CMIP7:height: sum (through atmospheric column) area: sum time: mean,; CHANGE SINCE CMIP6 in Modeling Realm - primary - CMIP6:atmos, atmosChem CMIP7:atmosChem, CHANGE SINCE CMIP6 in Cell Methods - CMIP6:area: time: mean CMIP7:height: area: time: mean (with all samples weighted by the number of moles of air in the sample),",1E-09,CMIP6 CMOR variable,"mmr2molefrac(m01s50i063[lbproc=128], m01s34i009[lbproc=128], MOLECULAR_MASS_OF_CH4)","mmr2molefrac(m01s50i063[lbproc=128], m01s34i009[lbproc=128], MOLECULAR_MASS_OF_CH4)",,1
Variable atmosChem.mon.ch4_tclm-p19-hxy-air (Amon.ch4Clim),8,https://github.com/UKNCSP/CDDS-CMIP7-mappings/issues/8,mon atmosChem CMIP6,ch4_tclm-p19-hxy-air,mole_fraction_of_methane_in_air,"""frequency"" was ""monC""; ; ""cell_methods"" was ""area: mean time: mean within years time: mean over years""; ; ""modeling_realm"" was ""atmos atmosChem"";",area: mean where air time: mean within years time: mean over years,longitude latitude plev19 time2,mon,Mole Fraction of CH4,atmosChem,,"Report only for simulations (e.g., prescribed concentration pi-control run), in which the CH4 does not vary from one year to the next. Report 12 monthly values, starting with January, even if the values do not vary seasonally.  When calling CMOR, identify this variable as ch4global, not ch4.   If  CH4 is spatially uniform, omit this field, but report Global Mean Mole Fraction of CH4 (see the table entry after the next).  Are these the preferred units or should it be a unitless fraction?  Should this field be reported instead on model levels?  Or should we also require either the vertically integrated mole fraction (or mass?) of this species or the vertically integrated globally averaged mole fraction (or mass?)?; CHANGE SINCE CMIP6 in CMIP7 Frequency - CMIP6:monC CMIP7:mon, CHANGE SINCE CMIP6 in Cell Methods - CMIP6:area: mean time: mean within years time: mean over years CMIP7:area: mean where air time: mean within years time: mean over years,",mol mol-1,CMIP6 CMOR variable,,,,
Variable atmosChem.mon.ch4_tavg-p19-hxy-air (Amon.ch4),7,https://github.com/UKNCSP/CDDS-CMIP7-mappings/issues/7,mon atmosChem CMIP6 UKESM1 HadGEM3-GC31,ch4_tavg-p19-hxy-air,mole_fraction_of_methane_in_air,"""modeling_realm"" was ""atmos atmosChem"";",time: mean,longitude latitude plev19 time,mon,Mole Fraction of CH4,atmosChem,,"For some simulations (e.g., prescribed concentration pi-control run), this will not vary from one year to the next, and so report instead the variable described in the next table entry.  If CH4 is spatially uniform, omit this field, but report Global Mean Mole Fraction of CH4 (see the table entry after the next one).   Are these the preferred units or should it be a unitless fraction?  Should this field be reported instead on model levels?  Or should we also require either the vertically integrated mole fraction (or mass?) of this species or the vertically integrated globally averaged mole fraction (or mass?)?",mol mol-1,CMIP6 CMOR variable,"(MOLECULAR_MASS_OF_AIR / MOLECULAR_MASS_OF_CH4) * m01s51i009[blev=PLEV19, lbproc=128] / m01s51i999[blev=PLEV19, lbproc=128]","(MOLECULAR_MASS_OF_AIR / MOLECULAR_MASS_OF_CH4) * m01s51i009[blev=PLEV19, lbproc=128] / m01s51i999[blev=PLEV19, lbproc=128]",,mol mol-1
Variable atmosChem.mon.cfc12_tavg-u-hm-u (Amon.cfc12global),6,https://github.com/UKNCSP/CDDS-CMIP7-mappings/issues/6,mon atmosChem CMIP6 UKESM1 HadGEM3-GC31,cfc12_tavg-u-hm-u,mole_fraction_of_cfc12_in_air,"""units"" was ""1e-12""; ; ""modeling_realm"" was ""atmos atmosChem""; ; ""cell_methods"" was ""area: time: mean"";",height: sum (through atmospheric column) area: sum time: mean,time,mon,Global Mean Mole Fraction of CFC12,atmosChem,,"CHANGE SINCE CMIP6 in Units (from Physical Parameter) - CMIP6:1.00E-12 CMIP7:1E-12, CHANGE SINCE CMIP6 in Cell Methods - CMIP6:area: time: mean CMIP7:height: sum (through atmospheric column) area: sum time: mean,",1E-12,CMIP6 CMOR variable,"mmr2molefrac(m01s50i063[lbproc=128], m01s34i056[lbproc=128], MOLECULAR_MASS_OF_CFC12)","mmr2molefrac(m01s50i063[lbproc=128], m01s34i056[lbproc=128], MOLECULAR_MASS_OF_CFC12)",,1
Variable atmosChem.mon.cfc113_tavg-u-hm-u (Amon.cfc11global),5,https://github.com/UKNCSP/CDDS-CMIP7-mappings/issues/5,mon atmosChem CMIP6 UKESM1 HadGEM3-GC31,cfc113_tavg-u-hm-u,mole_fraction_of_cfc11_in_air,"""units"" was ""1e-12""; ; ""modeling_realm"" was ""atmos atmosChem""; ; ""cell_methods"" was ""area: time: mean"";",height: sum (through atmospheric column) area: sum time: mean,time,mon,Global Mean Mole Fraction of CFC11,atmosChem,,"CHANGE SINCE CMIP6 in Units (from Physical Parameter) - CMIP6:1.00E-12 CMIP7:1E-12, CHANGE SINCE CMIP6 in Cell Methods - CMIP6:area: time: mean CMIP7:height: sum (through atmospheric column) area: sum time: mean,",1E-12,CMIP6 CMOR variable,"mmr2molefrac(m01s50i063[lbproc=128], m01s34i055[lbproc=128], MOLECULAR_MASS_OF_CFC11)","mmr2molefrac(m01s50i063[lbproc=128], m01s34i055[lbproc=128], MOLECULAR_MASS_OF_CFC11)",,1
Variable atmosChem.mon.cfc113_tavg-u-hm-u (Amon.cfc113global),4,https://github.com/UKNCSP/CDDS-CMIP7-mappings/issues/4,mon atmosChem CMIP6,cfc113_tavg-u-hm-u,mole_fraction_of_cfc113_in_air,"""units"" was ""1e-12""; ; ""modeling_realm"" was ""atmos atmosChem""; ; ""cell_methods"" was ""area: time: mean"";",height: sum (through atmospheric column) area: sum time: mean,time,mon,Global Mean Mole Fraction of CFC113,atmosChem,,"CHANGE SINCE CMIP6 in Units (from Physical Parameter) - CMIP6:1.00E-12 CMIP7:1E-12, CHANGE SINCE CMIP6 in Cell Methods - CMIP6:area: time: mean CMIP7:height: sum (through atmospheric column) area: sum time: mean,",1E-12,CMIP6 CMOR variable,,,,
Variable atmos.mon.cct_tavg-u-hxy-ccl (Amon.cct),3,https://github.com/UKNCSP/CDDS-CMIP7-mappings/issues/3,mon atmos CMIP6,cct_tavg-u-hxy-ccl,air_pressure_at_convective_cloud_top,"""cell_methods"" was ""area: time: mean"";",area: time: mean where convective_cloud (weighted by total convective cloud area),longitude latitude time,mon,Air Pressure at Convective Cloud Top,atmos,,"CHANGE SINCE CMIP6 in Cell Methods - CMIP6:area: time: mean CMIP7:area: time: mean where convective_cloud (weighted by total convective cloud area),; CHANGE SINCE CMIP6 in Cell Methods - CMIP6:area: time: mean CMIP7:area: time: mean where convective_cloud (weighted by total convective cloud area),; CHANGE SINCE CMIP6 in Cell Methods - CMIP6:area: time: mean CMIP7:area: time: mean where convective_cloud (weighted by total convective cloud area),; CHANGE SINCE CMIP6 in Cell Methods - CMIP6:area: time: mean CMIP7:area: time: mean where convective_cloud (weighted by total convective cloud area),; CHANGE SINCE CMIP6 in Cell Methods - CMIP6:area: time: mean CMIP7:area: time: mean where convective_cloud (weighted by total convective cloud area), area: time: mean where s (weighted by total convective cloud area) copy,; CHANGE SINCE CMIP6 in Cell Methods - CMIP6:area: time: mean CMIP7:area: time: mean where convective_cloud (weighted by total convective cloud area), area: time: mean where stratiform_cloud (weighted by total convective cloud area),",Pa,CMIP6 CMOR variable,,,,
Variable atmos.mon.ccb_tavg-u-hxy-ccl (Amon.ccb),2,https://github.com/UKNCSP/CDDS-CMIP7-mappings/issues/2,mon atmos CMIP6,ccb_tavg-u-hxy-ccl,air_pressure_at_convective_cloud_base,"""cell_methods"" was ""area: time: mean"";",area: time: mean where convective_cloud (weighted by total convective cloud area),longitude latitude time,mon,Air Pressure at Convective Cloud Base,atmos,,"CHANGE SINCE CMIP6 in Cell Methods - CMIP6:area: time: mean CMIP7:area: time: mean where convective_cloud (weighted by total convective cloud area),; CHANGE SINCE CMIP6 in Cell Methods - CMIP6:area: time: mean CMIP7:area: time: mean where convective_cloud (weighted by total convective cloud area), area: time: mean where s (weighted by total convective cloud area) copy,; CHANGE SINCE CMIP6 in Cell Methods - CMIP6:area: time: mean CMIP7:area: time: mean where convective_cloud (weighted by total convective cloud area), area: time: mean where stratiform_cloud (weighted by total convective cloud area),",Pa,CMIP6 CMOR variable,,,,
Variable atmos.mon.aod550volso4_tavg-u-hxy-u (Amon.aod550volso4),1,https://github.com/UKNCSP/CDDS-CMIP7-mappings/issues/1,mon atmos,aod550volso4_tavg-u-hxy-u,stratosphere_optical_thickness_due_to_volcanic_ambient_aerosol_particles,Not present,area: time: mean,longitude latitude time lambda550nm,mon,Monthly Aerosol Optical Depth at 550nm Due to Stratospheric Volcanic Aerosols,atmos,,,1E-09,New,,,,
